 DROP DATABASE IF EXISTS Pampero;

CREATE DATABASE Pampero
    ENCODING = 'UTF8'
	LC_COLLATE = 'es_ES.utf8'
	LC_CTYPE = 'es_ES.utf8'
    TEMPLATE = template0;
	
\c pampero
-- Crear tabla Empleados
CREATE TABLE Empleados(
	IDEmpleado SERIAL NOT NULL,
	Apellido varchar(20) NOT NULL,
	Nombre varchar(10) NOT NULL,
	Puesto varchar(30) NULL,
	Saludo varchar(25) NULL,
	FechaNacimiento date NULL,
	FechaAlta date NULL,
	Direccion varchar(60) NULL,
	Ciudad varchar(15) NULL,
	Region varchar(15) NULL,
	CodigoPostal varchar(10) NULL,
	Pais varchar(15) NULL,
	TelefonoCasa varchar(24) NULL,
	Interno varchar(4) NULL,
	Notas varchar(4000) NULL,
	JefeID int NULL,
	RutaFoto varchar(255) NULL,
	CONSTRAINT CK_FechaNacimiento CHECK (FechaNacimiento < CURRENT_DATE),
	CONSTRAINT PK_Empleados PRIMARY KEY (IDEmpleado)
);
CREATE INDEX idx_empleado_apellido     ON Empleados (Apellido);
CREATE INDEX idx_empleado_codigopostal ON Empleados (CodigoPostal);
-- Crear tabla Proveedores
CREATE TABLE Proveedores(
	IDProveedor SERIAL NOT NULL,
	NombreEmpresa varchar(40) NOT NULL,
	NombreContacto varchar(30) NULL,
	PuestoContacto varchar(30) NULL,
	Direccion varchar(60) NULL,
	Ciudad varchar(15) NULL,
	Region varchar(15) NULL,
	CodigoPostal varchar(10) NULL,
	Pais varchar(15) NULL,
	Telefono varchar(24) NULL,
	Fax varchar(24) NULL,
	Web varchar(4000) NULL,
 CONSTRAINT PK_Proveedores PRIMARY KEY (IDProveedor)
);
CREATE INDEX idx_proveedor_codigopostal  ON Proveedores (CodigoPostal);
CREATE INDEX idx_proveedor_nombreempresa ON Proveedores (NombreEmpresa);
-- Crear tabla Categorias
CREATE TABLE Categorias(
	IDCategoria SERIAL NOT NULL,
	NombreCategoria varchar(15) NOT NULL,
	Descripcion varchar(4000) NULL,
 CONSTRAINT PK_Categorias PRIMARY KEY (IDCategoria)
);
CREATE INDEX idx_categoria_nombrecategoria ON Categorias (NombreCategoria);
-- Crear tabla Productos
CREATE TABLE Productos(
	IDProducto SERIAL NOT NULL,
	NombreProducto varchar(40) NOT NULL,
	IDProveedor int NULL,
	IDCategoria int NULL,
	CantidadPorUnidad varchar(20) NULL,
	PrecioUnitario decimal(19,4) DEFAULT 0,
	UnidadesEnStock smallint NULL DEFAULT 0,
	UnidadesEnPedidos smallint NULL DEFAULT 0,
	NivelNuevoPedido smallint NULL DEFAULT 0,
	Discontinuado smallint NOT NULL DEFAULT 0,
 CONSTRAINT PK_Productos PRIMARY KEY (IDProducto),
 CONSTRAINT CK_NivelNuevoPedido CHECK  ((NivelNuevoPedido>=(0))),
 CONSTRAINT CK_Productos_PrecioUnitario CHECK  ((PrecioUnitario>=(0))),
 CONSTRAINT CK_UnidadesEnStock CHECK  ((UnidadesEnStock>=(0))),
 CONSTRAINT CK_UnidadesEnPedidos CHECK  ((UnidadesEnPedidos>=(0))),
 CONSTRAINT FK_Productos_Categorias FOREIGN KEY(IDCategoria) REFERENCES Categorias (IDCategoria),
 CONSTRAINT FK_Productos_Proveedores FOREIGN KEY(IDProveedor) REFERENCES Proveedores (IDProveedor)
);
CREATE INDEX idx_producto_categoriaid    ON Productos (IDCategoria);
CREATE INDEX idx_producto_nombreproducto ON Productos (NombreProducto);
CREATE INDEX idx_producto_proveedorid    ON Productos (IDProveedor);
-- Crear tabla Clientes
CREATE TABLE Clientes(
	IDCliente char(5) NOT NULL,
	NombreEmpresa varchar(40) NOT NULL,
	NombreContacto varchar(30) NULL,
	PuestoContacto varchar(30) NULL,
	Direccion varchar(60) NULL,
	Ciudad varchar(15) NULL,
	Region varchar(15) NULL,
	CodigoPostal varchar(10) NULL,
	Pais varchar(15) NULL,
	Telefono varchar(24) NULL,
	Fax varchar(24) NULL,
 CONSTRAINT PK_Clientes PRIMARY KEY (IDCliente)
);
CREATE INDEX idx_clientes_ciudad        ON Clientes (Ciudad);
CREATE INDEX idx_clientes_codigopostal  ON Clientes (CodigoPostal);
CREATE INDEX idx_clientes_nombreempresa ON Clientes (NombreEmpresa);
CREATE INDEX idx_clientes_region        ON Clientes (Region);
-- Crear tabla Transportistas
CREATE TABLE Transportistas(
	IDTransportista SERIAL NOT NULL,
	NombreEmpresa varchar(40) NOT NULL,
	Telefono varchar(24) NULL,
 CONSTRAINT PK_Transportistas PRIMARY KEY (IDTransportista)
);
-- Crear tabla Pedidos
CREATE TABLE Pedidos(
	IDPedido SERIAL NOT NULL,
	IDCliente char(5) NULL,
	IDEmpleado int NULL,
	FechaPedido TIMESTAMP NULL,
	FechaRequerida TIMESTAMP NULL,
	FechaEnvio TIMESTAMP NULL,
	EnvioPor int NULL,
	Flete decimal(19,4) DEFAULT 0,
	NombreEnvio varchar(40) NULL,
	DireccionEnvio varchar(60) NULL,
	CiudadEnvio varchar(15) NULL,
	RegionEnvio varchar(15) NULL,
	CodigoPostalEnvio varchar(10) NULL,
	PaisEnvio varchar(15) NULL,
 CONSTRAINT PK_Pedidos PRIMARY KEY (IDPedido),
 CONSTRAINT FK_Pedidos_Clientes FOREIGN KEY(IDCliente) REFERENCES Clientes (IDCliente),
 CONSTRAINT FK_Pedidos_Empleados FOREIGN KEY(IDEmpleado) REFERENCES Empleados (IDEmpleado),
 CONSTRAINT FK_Pedidos_Transportistas FOREIGN KEY(EnvioPor) REFERENCES Transportistas (IDTransportista)
);
CREATE INDEX idx_pedidos_idcliente         ON Pedidos (IDCliente);
CREATE INDEX idx_pedidos_codigopostalenvio ON Pedidos (CodigoPostalEnvio);
CREATE INDEX idx_pedidos_idempleado        ON Pedidos (IDEmpleado);
CREATE INDEX idx_pedidos_fechaenvio        ON Pedidos (FechaEnvio);
CREATE INDEX idx_pedidos_fechapedido       ON Pedidos (FechaPedido);
CREATE INDEX idx_pedidos_enviopor          ON Pedidos (EnvioPor);
-- Crear tabla Detalles Pedido
CREATE TABLE "Detalles Pedido"(
	IDPedido int NOT NULL,
	IDProducto int NOT NULL,
	PrecioUnitario decimal(19,4) NOT NULL DEFAULT 0,
	Cantidad smallint NOT NULL DEFAULT 1,
	Descuento decimal(4,3) NOT NULL DEFAULT 0,
 CONSTRAINT PK_DetallesPedido PRIMARY KEY (IDPedido, IDProducto),
 CONSTRAINT FK_Detalles_Pedido_Pedidos FOREIGN KEY(IDPedido) REFERENCES Pedidos (IDPedido),
 CONSTRAINT FK_Detalles_Pedido_Productos FOREIGN KEY(IDProducto) REFERENCES Productos (IDProducto),
 CONSTRAINT CK_Cantidad CHECK ((Cantidad>(0))),
 CONSTRAINT CK_Descuento CHECK ((Descuento>=(0) AND Descuento<=(1))),
 CONSTRAINT CK_PrecioUnitario CHECK ((PrecioUnitario>=(0)))
);
CREATE INDEX idx_detallespedido_idpedido   ON "Detalles Pedido" (IDPedido);
CREATE INDEX idx_detallespedido_idproducto ON "Detalles Pedido" (IDProducto);
-- Crear tabla Region
CREATE TABLE Region(
	IDRegion int NOT NULL,
	RegionDescripcion char(50) NOT NULL,
	CONSTRAINT PK_Region PRIMARY KEY (IDRegion)
);
-- Crear tabla Territorios
CREATE TABLE Territorios(
	IDTerritorio varchar(20) NOT NULL,
	DescripcionTerritorio char(50) NOT NULL,
	IDRegion int NOT NULL,
	CONSTRAINT PK_Territorios PRIMARY KEY (IDTerritorio),
	CONSTRAINT FK_Territorios_Region FOREIGN KEY(IDRegion) REFERENCES Region (IDRegion)
);
-- Crear tabla EmpleadoTerritorios
CREATE TABLE EmpleadoTerritorios(
	IDEmpleado int NOT NULL,
	IDTerritorio varchar(20) NOT NULL,
	CONSTRAINT PK_EmpleadoTerritorios PRIMARY KEY (IDEmpleado, IDTerritorio),
	CONSTRAINT FK_EmpleadoTerritorios_Empleados FOREIGN KEY(IDEmpleado) REFERENCES Empleados (IDEmpleado),
	CONSTRAINT FK_EmpleadoTerritorios_Territorios FOREIGN KEY(IDTerritorio) REFERENCES Territorios (IDTerritorio)
);

INSERT INTO Empleados (IDEmpleado, Apellido, Nombre, Puesto, Saludo, FechaNacimiento, FechaAlta, Direccion, Ciudad, Region, CodigoPostal, Pais, TelefonoCasa, Interno, Notas, JefeID, RutaFoto) VALUES
(1, 'Davolio', 'Nancy', 'Representante de Ventas', 'Srta.', '19711208', '20150501', '507 - 20th Ave. E. Apt. 2A', 'Seattle', 'WA', '98122', 'EE.UU.', '(206) 555-9857', '5467', 'La educación incluye una licenciatura en psicología de la Universidad Estatal de Colorado en 1970. También completó "El arte de la llamada en frío". Nancy es miembro de Toastmasters International.', 2, 'http://accweb/emmployees/davolio.bmp'),
(2, 'Fuller', 'Andrew', 'Vicepresidente, Ventas', 'Dr.', '19750219', '20150814', '908 W. Capital Way', 'Tacoma', 'WA', '98401', 'EE.UU.', '(206) 555-9482', '3457', 'Andrew recibió su comercial BTS en 1997 y un Ph.D. en marketing internacional de la Universidad de Dallas en 2004. Habla francés e italiano con fluidez y lee alemán. Se incorporó a la empresa como Representante de Ventas, fue ascendido a Gerente de Ventas en enero de 2015 y a vicepresidente de ventas en marzo de 2016. Andrew es miembro de Sales Management Roundtable, la Cámara de Comercio de Seattle y la Asociación Pacific Rim Importers.', NULL, 'http://accweb/emmployees/fuller.bmp'),
(3, 'Leverling', 'Janet', 'Representante de Ventas', 'Srta.', '19860830', '20150401', '722 Moss Bay Blvd.', 'Kirkland', 'WA', '98033', 'EE.UU.', '(206) 555-3412', '3355', 'Janet tiene una licenciatura en química del Boston College (2007). También completó un programa de certificación en administración de venta minorista de alimentos. Janet fue contratada como Asociado de Ventas en 2014 y ascendida a Representante de Ventas en febrero de 2015.', 2, 'http://accweb/emmployees/leverling.bmp'),
(4, 'Peacock', 'Margaret', 'Representante de Ventas', 'Sra.', '19600919', '20160503', '4110 Old Redmond Rd.', 'Redmond', 'WA', '98052', 'EE.UU.', '(206) 555-8122', '5176', 'Margaret tiene una licenciatura en literatura inglesa de Concordia College (1981) y una maestría del Instituto Americano de Artes Culinarias (1989). Fue asignada temporalmente a la oficina de Londres desde julio hasta noviembre de 2015.', 2, 'http://accweb/emmployees/peacock.bmp'),
(5, 'Buchanan', 'Steven', 'Gerente de Ventas', 'Sr.', '19780304', '20161017', '14 Garrett Hill', 'London', NULL, 'SW1 8JR', 'Reino Unido', '(71) 555-4848', '3453', 'Steven Buchanan se graduó de la Universidad de St. Andrews, Escocia, con un título BSC en 1999. Al unirse a la empresa como Representante de Ventas en 2015, pasó 6 meses en un programa de orientación en la oficina de Seattle y luego regresó a su puesto permanente en Londres. Fue ascendido a Gerente de Ventas en marzo de 2016. El Sr. Buchanan ha completado los cursos "Telemarketing Exitoso" y "Administración de Ventas Internacionales". Habla francés con fluidez.', 2, 'http://accweb/emmployees/buchanan.bmp'),
(6, 'Suyama', 'Michael', 'Representante de Ventas', 'Sr.', '19860702', '20161017', 'Coventry House Miner Rd.', 'London', NULL, 'EC2 7JR', 'Reino Unido', '(71) 555-7773', '428', 'Michael se graduó de la Universidad de Sussex (MA, economía, 2006) y de la Universidad de California en Los Ángeles (MBA, marketing, 2009). También ha tomado los cursos "Ventas Multiculturales" y "Gestión del Tiempo para el Profesional de Ventas". Habla japonés con fluidez y puede leer y escribir francés, portugués y español.', 5, 'http://accweb/emmployees/davolio.bmp'),
(7, 'King', 'Robert', 'Representante de Ventas', 'Sr.', '19830529', '20170102', 'Edgeham Hollow Winchester Way', 'London', NULL, 'RG1 9SP', 'Reino Unido', '(71) 555-5598', '465', 'Robert King sirvió en el Cuerpo de Paz y viajó mucho antes de completar su título en inglés en la Universidad de Michigan en 2015, año en que se unió a la empresa. Después de completar un curso titulado "Vender en Europa", fue transferido a la oficina de Londres en marzo de 2016.', 5, 'http://accweb/emmployees/davolio.bmp'),
(8, 'Callahan', 'Laura', 'Coordinador de Ventas Internas', 'Srta.', '19810109', '20170305', '4726 - 11th Ave. N.E.', 'Seattle', 'WA', '98105', 'EE.UU.', '(206) 555-1189', '2344', 'Laura recibió una licenciatura en psicología de la Universidad de Washington. También ha realizado un curso de francés comercial. Ella lee y escribe francés.', 2, 'http://accweb/emmployees/davolio.bmp'),
(9, 'Dodsworth', 'Anne', 'Representante de Ventas', 'Srta.', '19890127', '20171115', '7 Houndstooth Rd.', 'London', NULL, 'WG2 7LT', 'Reino Unido', '(71) 555-4444', '452', 'Anne tiene una licenciatura en inglés de St. Lawrence College. Habla francés y alemán con fluidez.', 5, 'http://accweb/emmployees/davolio.bmp');

ALTER TABLE Empleados ADD CONSTRAINT FK_Empleados_Empleados FOREIGN KEY(JefeID) REFERENCES Empleados (IDEmpleado);

INSERT INTO Proveedores (IDProveedor, NombreEmpresa, NombreContacto, PuestoContacto, Direccion, Ciudad, Region, CodigoPostal, Pais, Telefono, Fax, Web) VALUES
(1, 'Exotic Liquids', 'Charlotte Cooper', 'Gerente de Compras', '49 Gilbert St.', 'London', NULL, 'EC1 4SD', 'Reino Unido', '(171) 555-2222', NULL, NULL),
(2, 'New Orleans Cajun Delights', 'Shelley Burke', 'Administrador de pedidos', 'P.O. Box 78934', 'New Orleans', 'LA', '70117', 'EE.UU.', '(100) 555-4822', NULL, '#CAJUN.HTM#'),
(3, 'Grandma Kelly''s Homestead', 'Regina Murphy', 'Representante de Ventas', '707 Oxford Rd.', 'Ann Arbor', 'MI', '48104', 'EE.UU.', '(313) 555-5735', '(313) 555-3349', NULL),
(4, 'Tokyo Traders', 'Yoshi Nagase', 'Gerente de Marketing', '9-8 Sekimai Musashino-shi', 'Tokyo', NULL, '100', 'Japon', '(03) 3555-5011', NULL, NULL),
(5, 'Cooperativa de Quesos ''Las Cabras''', 'Antonio del Valle Saavedra', 'Administrador de Exportación', 'Calle del Rosal 4', 'Oviedo', 'Asturias', '33007', 'España', '(98) 598 76 54', NULL, NULL),
(6, 'Mayumi''s', 'Mayumi Ohno', 'Representante de Marketing', '92 SetsUKo Chuo-ku', 'Osaka', NULL, '545', 'Japon', '(06) 431-7877', NULL, 'Mayumi''s (on the World Wide Web)#http://www.microsoft.com/accessdev/sampleapps/mayumi.htm#'),
(7, 'Pavlova, Ltd.', 'Ian Devling', 'Gerente de Marketing', '74 Rose St. Moonie Ponds', 'Melbourne', 'Victoria', '3058', 'Australia', '(03) 444-2343', '(03) 444-6588', NULL),
(8, 'Specialty Biscuits, Ltd.', 'Peter Wilson', 'Representante de Ventas', '29 King''s Way', 'Manchester', NULL, 'M14 GSD', 'Reino Unido', '(161) 555-4448', NULL, NULL),
(9, 'PB Knäckebröd AB', 'Lars Peterson', 'Agente de Ventas', 'Kaloadagatan 13', 'Göteborg', NULL, 'S-345 67', 'Suecia', '031-987 65 43', '031-987 65 91', NULL),
(10, 'Refrescos Americanas LTDA', 'Carlos Diaz', 'Gerente de Marketing', 'Av. das Americanas 12.890', 'Sao Paulo', NULL, '5442', 'Brasil', '(11) 555 4640', NULL, NULL),
(11, 'Heli Süßwaren GmbH & Co. KG', 'Petra Winkler', 'Gerente de Ventas', 'Tiergartenstraße 5', 'Berlin', NULL, '10785', 'Alemania', '(010) 9984510', NULL, NULL),
(12, 'Plutzer Lebensmittelgroßmärkte AG', 'Martin Bein', 'Gerente de Mkt. Internacional', 'Bogenallee 51', 'Frankfurt', NULL, '60439', 'Alemania', '(069) 992755', NULL, 'Plutzer (on the World Wide Web)#http://www.microsoft.com/accessdev/sampleapps/plutzer.htm#'),
(13, 'Nord-Ost-Fisch Handelsgesellschaft mbH', 'Sven Petersen', 'Coordinador Mercados Exterior', 'Frahmredder 112a', 'Cuxhaven', NULL, '27478', 'Alemania', '(04721) 8713', '(04721) 8714', NULL),
(14, 'Formaggi Fortini s.r.l.', 'Elio Rossi', 'Representante de Ventas', 'Viale Dante, 75', 'Ravenna', NULL, '48100', 'Italia', '(0544) 60323', '(0544) 60603', '#FORMAGGI.HTM#'),
(15, 'Norske Meierier', 'Beate Vileid', 'Gerente de Marketing', 'Hatlevegen 5', 'Sandvika', NULL, '1320', 'Noruega', '(0)2-953010', NULL, NULL),
(16, 'Bigfoot Breweries', 'Cheryl Saylor', 'Repr. de Cuentas Regionales', '3400 - 8th Avenue Suite 210', 'Bend', 'OR', '97101', 'EE.UU.', '(503) 555-9931', NULL, NULL),
(17, 'Svensk Sjöföda AB', 'Michael Björn', 'Representante de Ventas', 'Brovallavägen 231', 'Stockholm', NULL, 'S-123 45', 'Suecia', '08-123 45 67', NULL, NULL),
(18, 'Aux joyeux ecclésiastiques', 'Guylène Nodier', 'Gerente de Ventas', '203, Rue des Francs-Bourgeois', 'Paris', NULL, '75004', 'Francia', '(1) 03.83.00.68', '(1) 03.83.00.62', NULL),
(19, 'New England Seafood Cannery', 'Robb Merchant', 'Agente de Cuentas Mayoristas', 'Order Processing Dept. 2100 Paul Revere Blvd.', 'Boston', 'MA', '02134', 'EE.UU.', '(617) 555-3267', '(617) 555-3389', NULL),
(20, 'Leka Trading', 'Chandra Leka', 'Dueño', '471 Serangoon Loop, Suite #402', 'Singapur', NULL, '0512', 'Singapur', '555-8787', NULL, NULL),
(21, 'Lyngbysild', 'Niels Petersen', 'Gerente de Ventas', 'Lyngbysild Fiskebakken 10', 'Lyngby', NULL, '2800', 'Dinamarca', '43844108', '43844115', NULL),
(22, 'Zaanse Snoepfabriek', 'Dirk Luchte', 'Gerente de Contabilidad', 'Verkoop Rijnweg 22', 'Zaandam', NULL, '9999 ZZ', 'Paises Bajos', '(12345) 1212', '(12345) 1210', NULL),
(23, 'Karkki Oy', 'Anne Heikkonen', 'Gerente de Producto', 'Valtakatu 12', 'Lappeenranta', NULL, '53120', 'Finlandia', '(953) 10956', NULL, NULL),
(24, 'G''day, Mate', 'Wendy Mackenzie', 'Representante de Ventas', '170 Prince Edward Parade Hunter''s Hill', 'Sydney', 'NSW', '2042', 'Australia', '(02) 555-5914', '(02) 555-4873', 'G''day Mate (on the World Wide Web)#http://www.microsoft.com/accessdev/sampleapps/gdaymate.htm#'),
(25, 'Ma Maison', 'Jean-Guy Lauzon', 'Gerente de Marketing', '2960 Rue St. Laurent', 'Montréal', 'Québec', 'H1J 1C3', 'Canadá', '(514) 555-9022', NULL, NULL),
(26, 'Pasta Buttini s.r.l.', 'Giovanni Giudici', 'Administrador de pedidos', 'Via dei Gelsomini, 153', 'Salerno', NULL, '84100', 'Italia', '(089) 6547665', '(089) 6547667', NULL),
(27, 'Escargots Nouveaux', 'Marie Delamare', 'Gerente de Ventas', '22, rue H. Voiron', 'Montceau', NULL, '71300', 'Francia', '85.57.00.07', NULL, NULL),
(28, 'Gai pâturage', 'Eliane Noz', 'Representante de Ventas', 'Bat. B 3, rue des Alpes', 'Annecy', NULL, '74000', 'Francia', '38.76.98.06', '38.76.98.58', NULL),
(29, 'Forêts d''érables', 'Chantal Goulet', 'Gerente de Contabilidad', '148 rue Chasseur', 'Ste-Hyacinthe', 'Québec', 'J2S 7S8', 'Canadá', '(514) 555-2955', '(514) 555-2921', NULL);

INSERT INTO Categorias (IDCategoria, NombreCategoria, Descripcion) VALUES
(1, 'Bebidas', 'Refrescos, cafés, tés y cervezas'),
(2, 'Condimentos', 'Salsas dulces y saladas, pastas para untar y condimentos'),
(3, 'Dulces', 'Postres, dulces y panes dulces'),
(4, 'Lacteos', 'Quesos'),
(5, 'Granos/Cereales', 'Panes, galletas saladas, pasta y cereales'),
(6, 'Carnes', 'Carnes preparadas'),
(7, 'Frutos', 'Frutos secos y tofu'),
(8, 'Mariscos', 'Algas y pescados');

INSERT INTO Productos (IDProducto, NombreProducto, IDProveedor, IDCategoria, CantidadPorUnidad, PrecioUnitario, UnidadesEnStock, UnidadesEnPedidos, NivelNuevoPedido, Discontinuado) VALUES
(1, 'Chai', 1, 1, '10 cajas x 20 bolsas', 18.0000, 39, 0, 10, 0),
(2, 'Chang', 1, 1, '24 - 12 oz botellas', 19.0000, 17, 40, 25, 0),
(3, 'Aniseed Syrup', 1, 2, '12 - 550 ml botellas', 10.0000, 13, 70, 25, 0),
(4, 'Chef Anton''s Cajun Seasoning', 2, 2, '48 - 6 oz frascos', 22.0000, 53, 0, 0, 0),
(5, 'Chef Anton''s Gumbo Mix', 2, 2, '36 cajas', 21.3500, 0, 0, 0, 1),
(6, 'Grandma''s Boysenberry Spread', 3, 2, '12 - 8 oz frascos', 25.0000, 120, 0, 25, 0),
(7, 'Uncle Bob''s Organic Dried Pears', 3, 7, '12 - 1 lb paqs.', 30.0000, 15, 0, 10, 0),
(8, 'Northwoods Cranberry Sauce', 3, 2, '12 - 12 oz frascos', 40.0000, 6, 0, 0, 0),
(9, 'Mishi Kobe Niku', 4, 6, '18 - 500 g paqs.', 97.0000, 29, 0, 0, 1),
(10, 'Ikura', 4, 8, '12 - 200 ml frascos', 31.0000, 31, 0, 0, 0),
(11, 'Queso Cabrales', 5, 4, '1 kg paq.', 21.0000, 22, 30, 30, 0),
(12, 'Queso Manchego La Pastora', 5, 4, '10 - 500 g paqs.', 38.0000, 86, 0, 0, 0),
(13, 'Konbu', 6, 8, '2 kg caja', 6.0000, 24, 0, 5, 0),
(14, 'Tofu', 6, 7, '40 - 100 g paqs.', 23.2500, 35, 0, 0, 0),
(15, 'Genen Shouyu', 6, 2, '24 - 250 ml botellas', 15.5000, 39, 0, 5, 0),
(16, 'Pavlova', 7, 3, '32 - 500 g cajas', 17.4500, 29, 0, 10, 0),
(17, 'Alice Mutton', 7, 6, '20 - 1 kg latas', 39.0000, 0, 0, 0, 1),
(18, 'Carnarvon Tigers', 7, 8, '16 kg paq.', 62.5000, 42, 0, 0, 0),
(19, 'Teatime Chocolate Biscuits', 8, 3, '10 cajas x 12 piezas', 9.2000, 25, 0, 5, 0),
(20, 'Sir Rodney''s Marmalade', 8, 3, '30 cajas de regalo', 81.0000, 40, 0, 0, 0),
(21, 'Sir Rodney''s Scones', 8, 3, '24 paqs. x 4 piezas', 10.0000, 3, 40, 5, 0),
(22, 'Gustaf''s Knäckebröd', 9, 5, '24 - 500 g paqs.', 21.0000, 104, 0, 25, 0),
(23, 'Tunnbröd', 9, 5, '12 - 250 g paqs.', 9.0000, 61, 0, 25, 0),
(24, 'Guaraná Fantástica', 10, 1, '12 - 355 ml latas', 4.5000, 20, 0, 0, 1),
(25, 'NuNuCa Nuß-Nougat-Creme', 11, 3, '20 - 450 g frascos', 14.0000, 76, 0, 30, 0),
(26, 'Gumbär Gummibärchen', 11, 3, '100 - 250 g bolsas', 31.2300, 15, 0, 0, 0),
(27, 'Schoggi Schokolade', 11, 3, '100 - 100 g piezas', 43.9000, 49, 0, 30, 0),
(28, 'Rössle Sauerkraut', 12, 7, '25 - 825 g latas', 45.6000, 26, 0, 0, 1),
(29, 'Thüringer Rostbratwurst', 12, 6, '50 bolsas x 30 salch', 123.7900, 0, 0, 0, 1),
(30, 'Nord-Ost Matjeshering', 13, 8, '10 - 200 g frascos', 25.8900, 10, 0, 15, 0),
(31, 'Gorgonzola Telino', 14, 4, '12 - 100 g pkgs', 12.5000, 0, 70, 20, 0),
(32, 'Mascarpone Fabioli', 14, 4, '24 - 200 g paqs.', 32.0000, 9, 40, 25, 0),
(33, 'Geitost', 15, 4, '500 g', 2.5000, 112, 0, 20, 0),
(34, 'Sasquatch Ale', 16, 1, '24 - 12 oz botellas', 14.0000, 111, 0, 15, 0),
(35, 'Steeleye Stout', 16, 1, '24 - 12 oz botellas', 18.0000, 20, 0, 15, 0),
(36, 'Inlagd Sill', 17, 8, '24 - 250 g  frascos', 19.0000, 112, 0, 20, 0),
(37, 'Gravad lax', 17, 8, '12 - 500 g paqs.', 26.0000, 11, 50, 25, 0),
(38, 'Côte de Blaye', 18, 1, '12 - 75 cl botellas', 263.5000, 17, 0, 15, 0),
(39, 'Chartreuse verte', 18, 1, '750 cc por botella', 18.0000, 69, 0, 5, 0),
(40, 'Boston Crab Meat', 19, 8, '24 - 4 oz latas', 18.4000, 123, 0, 30, 0),
(41, 'Jack''s New England Clam Chowder', 19, 8, '12 - 12 oz latas', 9.6500, 85, 0, 10, 0),
(42, 'Singapuran Hokkien Fried Mee', 20, 5, '32 - 1 kg paqs.', 14.0000, 26, 0, 0, 1),
(43, 'Ipoh Coffee', 20, 1, '16 - 500 g latas', 46.0000, 17, 10, 25, 0),
(44, 'Gula Malacca', 20, 2, '20 - 2 kg bolsas', 19.4500, 27, 0, 15, 0),
(45, 'Rogede sild', 21, 8, '1k paq.', 9.5000, 5, 70, 15, 0),
(46, 'Spegesild', 21, 8, '4 - 450 g frascos', 12.0000, 95, 0, 0, 0),
(47, 'Zaanse koeken', 22, 3, '10 - 4 oz cajas', 9.5000, 36, 0, 0, 0),
(48, 'Chocolade', 22, 3, '10 paqs.', 12.7500, 15, 70, 25, 0),
(49, 'Maxilaku', 23, 3, '24 - 50 g paqs.', 20.0000, 10, 60, 15, 0),
(50, 'Valkoinen suklaa', 23, 3, '12 - 100 g barras', 16.2500, 65, 0, 30, 0),
(51, 'Manjimup Dried Apples', 24, 7, '50 - 300 g paqs.', 53.0000, 20, 0, 10, 0),
(52, 'Filo Mix', 24, 5, '16 - 2 kg cajas', 7.0000, 38, 0, 25, 0),
(53, 'Perth Pasties', 24, 6, '48 piezas', 32.8000, 0, 0, 0, 1),
(54, 'Tourtière', 25, 6, '16 tartas', 7.4500, 21, 0, 10, 0),
(55, 'Pâté chinois', 25, 6, '24 cajas x 2 tartas', 24.0000, 115, 0, 20, 0),
(56, 'Gnocchi di nonna Alice', 26, 5, '24 - 250 g paqs.', 38.0000, 21, 10, 30, 0),
(57, 'Ravioli Angelo', 26, 5, '24 - 250 g paqs.', 19.5000, 36, 0, 20, 0),
(58, 'Escargots de Bourgogne', 27, 8, '24 piezas', 13.2500, 62, 0, 20, 0),
(59, 'Raclette Courdavault', 28, 4, '5 kg paq.', 55.0000, 79, 0, 0, 0),
(60, 'Camembert Pierrot', 28, 4, '15 - 300 g rounds', 34.0000, 19, 0, 0, 0),
(61, 'Sirop d''érable', 29, 2, '24 - 500 ml botellas', 28.5000, 113, 0, 25, 0),
(62, 'Tarte au sucre', 29, 3, '48 tartas', 49.3000, 17, 0, 0, 0),
(63, 'Vegie-spread', 7, 2, '15 - 625 g frascos', 43.9000, 24, 0, 5, 0),
(64, 'Wimmers gute Semmelknödel', 12, 5, '20 bolsas x 4 piezas', 33.2500, 22, 80, 30, 0),
(65, 'Louisiana Fiery Hot Pepper Sauce', 2, 2, '32 - 8 oz botellas', 21.0500, 76, 0, 0, 0),
(66, 'Louisiana Hot Spiced Okra', 2, 2, '24 - 8 oz frascos', 17.0000, 4, 100, 20, 0),
(67, 'Laughing Lumberjack Lager', 16, 1, '24 - 12 oz botellas', 14.0000, 52, 0, 10, 0),
(68, 'Scottish Longbreads', 8, 3, '10 cajas x 8 piezas', 12.5000, 6, 10, 15, 0),
(69, 'Gudbrandsdalsost', 15, 4, '10 kg paq.', 36.0000, 26, 0, 15, 0),
(70, 'Outback Lager', 7, 1, '24 - 355 ml botellas', 15.0000, 15, 10, 30, 0),
(71, 'Flotemysost', 15, 4, '10 - 500 g paqs.', 21.5000, 26, 0, 0, 0),
(72, 'Mozzarella di Giovanni', 14, 4, '24 - 200 g paqs.', 34.8000, 14, 0, 0, 0),
(73, 'Röd Kaviar', 17, 8, '24 - 150 g frascos', 15.0000, 101, 0, 5, 0),
(74, 'Longlife Tofu', 4, 7, '5 kg paq.', 10.0000, 4, 20, 5, 0),
(75, 'Rhönbräu Klosterbier', 12, 1, '24 - 0.5 l botellas', 7.7500, 125, 0, 25, 0),
(76, 'Lakkalikööri', 23, 1, '500 ml', 18.0000, 57, 0, 20, 0),
(77, 'Original Frankfurter grüne Soße', 12, 2, '12 cajas', 13.0000, 32, 0, 15, 0);

INSERT INTO Clientes (IDCliente, NombreEmpresa, NombreContacto, PuestoContacto, Direccion, Ciudad, Region, CodigoPostal, Pais, Telefono, Fax) VALUES
('ALFKI', 'Alfreds Futterkiste', 'Maria Anders', 'Representante de Ventas', 'Obere Str. 57', 'Berlin', NULL, '12209', 'Alemania', '030-0074321', '030-0076545'),
('ANATR', 'Ana Trujillo Emparedados y helados', 'Ana Trujillo', 'Dueño', 'Avda. de la Constitución 2222', 'México D.F.', NULL, '05021', 'Mexico', '(5) 555-4729', '(5) 555-3745'),
('ANTON', 'Antonio Moreno Taquería', 'Antonio Moreno', 'Dueño', 'Mataderos  2312', 'México D.F.', NULL, '05023', 'Mexico', '(5) 555-3932', NULL),
('AROUT', 'Around the Horn', 'Thomas Hardy', 'Representante de Ventas', '120 Hanover Sq.', 'London', NULL, 'WA1 1DP', 'Reino Unido', '(171) 555-7788', '(171) 555-6750'),
('BERGS', 'Berglunds snabbköp', 'Christina Berglund', 'Administrador de pedidos', 'Berguvsvägen  8', 'Luleå', NULL, 'S-958 22', 'Suecia', '0921-12 34 65', '0921-12 34 67'),
('BLAUS', 'Blauer See Delikatessen', 'Hanna Moos', 'Representante de Ventas', 'Forsterstr. 57', 'Mannheim', NULL, '68306', 'Alemania', '0621-08460', '0621-08924'),
('BLONP', 'Blondesddsl père et fils', 'Frédérique Citeaux', 'Gerente de Marketing', '24, place Kléber', 'Strasbourg', NULL, '67000', 'Francia', '88.60.15.31', '88.60.15.32'),
('BOLID', 'Bólido Comidas preparadas', 'Martín Sommer', 'Dueño', 'C/ Araquil, 67', 'Madrid', NULL, '28023', 'España', '(91) 555 22 82', '(91) 555 91 99'),
('BONAP', 'Bon app''', 'Laurence Lebihan', 'Dueño', '12, rue des Bouchers', 'Marseille', NULL, '13008', 'Francia', '91.24.45.40', '91.24.45.41'),
('BOTTM', 'Bottom-Dollar Markets', 'Elizabeth Lincoln', 'Gerente de Contabilidad', '23 Tsawassen Blvd.', 'Tsawassen', 'BC', 'T2F 8M4', 'Canadá', '(604) 555-4729', '(604) 555-3745'),
('BSBEV', 'B''s Beverages', 'Victoria Ashworth', 'Representante de Ventas', 'Fauntleroy Circus', 'London', NULL, 'EC2 5NT', 'Reino Unido', '(171) 555-1212', NULL),
('CACTU', 'Cactus Comidas para llevar', 'Patricio Simpson', 'Agente de Ventas', 'Cerrito 333', 'Buenos Aires', NULL, '1010', 'Argentina', '(1) 135-5555', '(1) 135-4892'),
('CENTC', 'Centro comercial Moctezuma', 'Francisco Chang', 'Gerente de Marketing', 'Sierras de Granada 9993', 'México D.F.', NULL, '05022', 'Mexico', '(5) 555-3392', '(5) 555-7293'),
('CHOPS', 'Chop-suey Chinese', 'Yang Wang', 'Dueño', 'Hauptstr. 29', 'Bern', NULL, '3012', 'Suiza', '0452-076545', NULL),
('COMMI', 'Comércio Mineiro', 'Pedro Afonso', 'Asociado de Ventas', 'Av. dos Lusíadas, 23', 'Sao Paulo', 'SP', '05432-043', 'Brasil', '(11) 555-7647', NULL),
('CONSH', 'Consolidated Holdings', 'Elizabeth Brown', 'Representante de Ventas', 'Berkeley Gardens 12  Brewery', 'London', NULL, 'WX1 6LT', 'Reino Unido', '(171) 555-2282', '(171) 555-9199'),
('DRACD', 'Drachenblut Delikatessen', 'Sven Ottlieb', 'Administrador de pedidos', 'Walserweg 21', 'Aachen', NULL, '52066', 'Alemania', '0241-039123', '0241-059428'),
('DUMON', 'Du monde entier', 'Janine Labrune', 'Dueño', '67, rue des Cinquante Otages', 'Nantes', NULL, '44000', 'Francia', '40.67.88.88', '40.67.89.89'),
('EASTC', 'Eastern Connection', 'Ann Devon', 'Agente de Ventas', '35 King George', 'London', NULL, 'WX3 6FW', 'Reino Unido', '(171) 555-0297', '(171) 555-3373'),
('ERNSH', 'Ernst Handel', 'Roland Mendel', 'Gerente de Ventas', 'Kirchgasse 6', 'Graz', NULL, '8010', 'Austria', '7675-3425', '7675-3426'),
('FAMIA', 'Familia Arquibaldo', 'Aria Cruz', 'Asistente de Marketing', 'Rua Orós, 92', 'Sao Paulo', 'SP', '05442-030', 'Brasil', '(11) 555-9857', NULL),
('FISSA', 'FISSA Fabrica Inter. Salchichas S.A.', 'Diego Roel', 'Gerente de Contabilidad', 'C/ Moralzarzal, 86', 'Madrid', NULL, '28034', 'España', '(91) 555 94 44', '(91) 555 55 93'),
('FOLIG', 'Folies gourmandes', 'Martine Rancé', 'Asistente de Agente de Ventas', '184, chaussée de Tournai', 'Lille', NULL, '59000', 'Francia', '20.16.10.16', '20.16.10.17'),
('FOLKO', 'Folk och fä HB', 'Maria Larsson', 'Dueño', 'Åkergatan 24', 'Bräcke', NULL, 'S-844 67', 'Suecia', '0695-34 67 21', NULL),
('FRANK', 'Frankenversand', 'Peter Franken', 'Gerente de Marketing', 'Berliner Platz 43', 'München', NULL, '80805', 'Alemania', '089-0877310', '089-0877451'),
('FRANR', 'Francia restauration', 'Carine Schmitt', 'Gerente de Marketing', '54, rue Royale', 'Nantes', NULL, '44000', 'Francia', '40.32.21.21', '40.32.21.20'),
('FRANS', 'Franchi S.p.A.', 'Paolo Accorti', 'Representante de Ventas', 'Via Monte Bianco 34', 'Torino', NULL, '10100', 'Italia', '011-4988260', '011-4988261'),
('FURIB', 'Furia Bacalhau e Frutos do Mar', 'Lino Rodriguez', 'Gerente de Ventas', 'Jardim das rosas n. 32', 'Lisboa', NULL, '1675', 'Portugal', '(1) 354-2534', '(1) 354-2535'),
('GALED', 'Galería del gastrónomo', 'Eduardo Saavedra', 'Gerente de Marketing', 'Rambla de Cataluña, 23', 'Barcelona', NULL, '08022', 'España', '(93) 203 4560', '(93) 203 4561'),
('GODOS', 'Godos Cocina Típica', 'José Pedro Freyre', 'Gerente de Ventas', 'C/ Romero, 33', 'Sevilla', NULL, '41101', 'España', '(95) 555 82 82', NULL),
('GOURL', 'Gourmet Lanchonetes', 'André Fonseca', 'Asociado de Ventas', 'Av. Brasil, 442', 'Campinas', 'SP', '04876-786', 'Brasil', '(11) 555-9482', NULL),
('GREAL', 'Great Lakes Food Market', 'Howard Snyder', 'Gerente de Marketing', '2732 Baker Blvd.', 'Eugene', 'OR', '97403', 'EE.UU.', '(503) 555-7555', NULL),
('GROSR', 'GROSELLA-Restaurante', 'Manuel Pereira', 'Dueño', '5ª Ave. Los Palos Grandes', 'Caracas', 'DF', '1081', 'Venezuela', '(2) 283-2951', '(2) 283-3397'),
('HANAR', 'Hanari Carnes', 'Mario Pontes', 'Gerente de Contabilidad', 'Rua do Paço, 67', 'Rio de Janeiro', 'RJ', '05454-876', 'Brasil', '(21) 555-0091', '(21) 555-8765'),
('HILAA', 'HILARION-Abastos', 'Carlos Hernández', 'Representante de Ventas', 'Carrera 22 con Ave. Carlos Soublette #8-35', 'San Cristóbal', 'Táchira', '5022', 'Venezuela', '(5) 555-1340', '(5) 555-1948'),
('HUNGC', 'Hungry Coyote Import Store', 'Yoshi Latimer', 'Representante de Ventas', 'City Center Plaza 516 Main St.', 'Elgin', 'OR', '97827', 'EE.UU.', '(503) 555-6874', '(503) 555-2376'),
('HUNGO', 'Hungry Owl All-Night Grocers', 'Patricia McKenna', 'Asociado de Ventas', '8 Johnstown Road', 'Cork', 'Co. Cork', NULL, 'Irlanda', '2967 542', '2967 3333'),
('ISLAT', 'Island Trading', 'Helen Bennett', 'Gerente de Marketing', 'Garden House Crowther Way', 'Cowes', 'Isle of Wight', 'PO31 7PJ', 'Reino Unido', '(198) 555-8888', NULL),
('KOENE', 'Königlich Essen', 'Philip Cramer', 'Asociado de Ventas', 'Maubelstr. 90', 'Brandenburg', NULL, '14776', 'Alemania', '0555-09876', NULL),
('LACOR', 'La corne d''abondance', 'Daniel Tonini', 'Representante de Ventas', '67, avenue de l''Europe', 'Versailles', NULL, '78000', 'Francia', '30.59.84.10', '30.59.85.11'),
('LAMAI', 'La maison d''Asie', 'Annette Roulet', 'Gerente de Ventas', '1 rue Alsace-Lorraine', 'Toulouse', NULL, '31000', 'Francia', '61.77.61.10', '61.77.61.11'),
('LAUGB', 'Laughing Bacchus Wine Cellars', 'Yoshi Tannamuri', 'Asistente de Marketing', '1900 Oak St.', 'Vancouver', 'BC', 'V3F 2K1', 'Canadá', '(604) 555-3392', '(604) 555-7293'),
('LAZYK', 'Lazy K Kountry Store', 'John Steel', 'Gerente de Marketing', '12 Orchestra Terrace', 'Walla Walla', 'WA', '99362', 'EE.UU.', '(509) 555-7969', '(509) 555-6221'),
('LEHMS', 'Lehmanns Marktstand', 'Renate Messner', 'Representante de Ventas', 'Magazinweg 7', 'Frankfurt a.M.', NULL, '60528', 'Alemania', '069-0245984', '069-0245874'),
('LETSS', 'Let''s Stop N Shop', 'Jaime Yorres', 'Dueño', '87 Polk St. Suite 5', 'San Francisco', 'CA', '94117', 'EE.UU.', '(415) 555-5938', NULL),
('LILAS', 'LILA-Supermercado', 'Carlos González', 'Gerente de Contabilidad', 'Carrera 52 con Ave. Bolívar #65-98 Llano Largo', 'Barquisimeto', 'Lara', '3508', 'Venezuela', '(9) 331-6954', '(9) 331-7256'),
('LINOD', 'LINO-Delicateses', 'Felipe Izquierdo', 'Dueño', 'Ave. 5 de Mayo Porlamar', 'I. de Margarita', 'Nueva Esparta', '4980', 'Venezuela', '(8) 34-56-12', '(8) 34-93-93'),
('LONEP', 'Lonesome Pine Restaurant', 'Fran Wilson', 'Gerente de Ventas', '89 Chiaroscuro Rd.', 'Portland', 'OR', '97219', 'EE.UU.', '(503) 555-9573', '(503) 555-9646'),
('MAGAA', 'Magazzini Alimentari Riuniti', 'Giovanni Rovelli', 'Gerente de Marketing', 'Via Ludovico il Moro 22', 'Bergamo', NULL, '24100', 'Italia', '035-640230', '035-640231'),
('MAISD', 'Maison Dewey', 'Catherine Dewey', 'Agente de Ventas', 'Rue Joseph-Bens 532', 'Bruxelles', NULL, 'B-1180', 'Bélgica', '(02) 201 24 67', '(02) 201 24 68'),
('MEREP', 'Mère Paillarde', 'Jean Fresnière', 'Asistente de Marketing', '43 rue St. Laurent', 'Montréal', 'Québec', 'H1J 1C3', 'Canadá', '(514) 555-8054', '(514) 555-8055'),
('MORGK', 'Morgenstern Gesundkost', 'Alexander Feuer', 'Asistente de Marketing', 'Heerstr. 22', 'Leipzig', NULL, '04179', 'Alemania', '0342-023176', NULL),
('NORTS', 'North/South', 'Simon Crowther', 'Asociado de Ventas', 'South House 300 Queensbridge', 'London', NULL, 'SW7 1RZ', 'Reino Unido', '(171) 555-7733', '(171) 555-2530'),
('OCEAN', 'Océano Atlántico Ltda.', 'Yvonne Moncada', 'Agente de Ventas', 'Ing. Gustavo Moncada 8585 Piso 20-A', 'Buenos Aires', NULL, '1010', 'Argentina', '(1) 135-5333', '(1) 135-5535'),
('OLDWO', 'Old World Delicatessen', 'Rene Phillips', 'Representante de Ventas', '2743 Bering St.', 'Anchorage', 'AK', '99508', 'EE.UU.', '(907) 555-7584', '(907) 555-2880'),
('OTTIK', 'Ottilies Käseladen', 'Henriette Pfalzheim', 'Dueño', 'Mehrheimerstr. 369', 'Köln', NULL, '50739', 'Alemania', '0221-0644327', '0221-0765721'),
('PARIS', 'Paris spécialités', 'Marie Bertrand', 'Dueño', '265, boulevard Charonne', 'Paris', NULL, '75012', 'Francia', '(1) 42.34.22.66', '(1) 42.34.22.77'),
('PERIC', 'Pericles Comidas clásicas', 'Guillermo Fernández', 'Representante de Ventas', 'Calle Dr. Jorge Cash 321', 'México D.F.', NULL, '05033', 'Mexico', '(5) 552-3745', '(5) 545-3745'),
('PICCO', 'Piccolo und mehr', 'Georg Pipps', 'Gerente de Ventas', 'Geislweg 14', 'Salzburg', NULL, '5020', 'Austria', '6562-9722', '6562-9723'),
('PRINI', 'Princesa Isabel Vinhos', 'Isabel de Castro', 'Representante de Ventas', 'Estrada da saúde n. 58', 'Lisboa', NULL, '1756', 'Portugal', '(1) 356-5634', NULL),
('QUEDE', 'Que Delícia', 'Bernardo Batista', 'Gerente de Contabilidad', 'Rua da Panificadora, 12', 'Rio de Janeiro', 'RJ', '02389-673', 'Brasil', '(21) 555-4252', '(21) 555-4545'),
('QUEEN', 'Queen Cozinha', 'Lúcia Carvalho', 'Asistente de Marketing', 'Alameda dos Canàrios, 891', 'Sao Paulo', 'SP', '05487-020', 'Brasil', '(11) 555-1189', NULL),
('QUICK', 'QUICK-Stop', 'Horst Kloss', 'Gerente de Contabilidad', 'Taucherstraße 10', 'Cunewalde', NULL, '01307', 'Alemania', '0372-035188', NULL),
('RANCH', 'Rancho grande', 'Sergio Gutiérrez', 'Representante de Ventas', 'Av. del Libertador 900', 'Buenos Aires', NULL, '1010', 'Argentina', '(1) 123-5555', '(1) 123-5556'),
('RATTC', 'Rattlesnake Canyon Grocery', 'Paula Wilson', 'Asistente de Repr. de Ventas', '2817 Milton Dr.', 'Albuquerque', 'NM', '87110', 'EE.UU.', '(505) 555-5939', '(505) 555-3620'),
('REGGC', 'Reggiani Caseifici', 'Maurizio Moroni', 'Asociado de Ventas', 'Strada Provinciale 124', 'Reggio Emilia', NULL, '42100', 'Italia', '0522-556721', '0522-556722'),
('RICAR', 'Ricardo Adocicados', 'Janete Limeira', 'Asistente de Agente de Ventas', 'Av. Copacabana, 267', 'Rio de Janeiro', 'RJ', '02389-890', 'Brasil', '(21) 555-3412', NULL),
('RICSU', 'Richter Supermarkt', 'Michael Holz', 'Gerente de Ventas', 'Grenzacherweg 237', 'Genève', NULL, '1203', 'Suiza', '0897-034214', NULL),
('ROMEY', 'Romero y tomillo', 'Alejandra Camino', 'Gerente de Contabilidad', 'Gran Vía, 1', 'Madrid', NULL, '28001', 'España', '(91) 745 6200', '(91) 745 6210'),
('SANTG', 'Santé Gourmet', 'Jonas Bergulfsen', 'Dueño', 'Erling Skakkes gate 78', 'Stavern', NULL, '4110', 'Noruega', '07-98 92 35', '07-98 92 47'),
('SAVEA', 'Save-a-lot Markets', 'Jose Pavarotti', 'Representante de Ventas', '187 Suffolk Ln.', 'Boise', 'ID', '83720', 'EE.UU.', '(208) 555-8097', NULL),
('SEVES', 'Seven Seas Imports', 'Hari Kumar', 'Gerente de Ventas', '90 Wadhurst Rd.', 'London', NULL, 'OX15 4NB', 'Reino Unido', '(171) 555-1717', '(171) 555-5646'),
('SIMOB', 'Simons bistro', 'Jytte Petersen', 'Dueño', 'Vinbæltet 34', 'Kobenhavn', NULL, '1734', 'Dinamarca', '31 12 34 56', '31 13 35 57'),
('SPECD', 'Spécialités du monde', 'Dominique Perrier', 'Gerente de Marketing', '25, rue Lauriston', 'Paris', NULL, '75016', 'Francia', '(1) 47.55.60.10', '(1) 47.55.60.20'),
('SPLIR', 'Split Rail Beer & Ale', 'Art Braunschweiger', 'Gerente de Ventas', 'P.O. Box 555', 'Lander', 'WY', '82520', 'EE.UU.', '(307) 555-4680', '(307) 555-6525'),
('SUPRD', 'Suprêmes délices', 'Pascale Cartrain', 'Gerente de Contabilidad', 'Boulevard Tirou, 255', 'Charleroi', NULL, 'B-6000', 'Bélgica', '(071) 23 67 22 20', '(071) 23 67 22 21'),
('THEBI', 'The Big Cheese', 'Liz Nixon', 'Gerente de Marketing', '89 Jefferson Way Suite 2', 'Portland', 'OR', '97201', 'EE.UU.', '(503) 555-3612', NULL),
('THECR', 'The Cracker Box', 'Liu Wong', 'Asistente de Marketing', '55 Grizzly Peak Rd.', 'Butte', 'MT', '59801', 'EE.UU.', '(406) 555-5834', '(406) 555-8083'),
('TOMSP', 'Toms Spezialitäten', 'Karin Josephs', 'Gerente de Marketing', 'Luisenstr. 48', 'Münster', NULL, '44087', 'Alemania', '0251-031259', '0251-035695'),
('TORTU', 'Tortuga Restaurante', 'Miguel Angel Paolino', 'Dueño', 'Avda. Azteca 123', 'México D.F.', NULL, '05033', 'Mexico', '(5) 555-2933', NULL),
('TRADH', 'Tradição Hipermercados', 'Anabela Domingues', 'Representante de Ventas', 'Av. Inês de Castro, 414', 'Sao Paulo', 'SP', '05634-030', 'Brasil', '(11) 555-2167', '(11) 555-2168'),
('TRAIH', 'Trail''s Head Gourmet Provisioners', 'Helvetius Nagy', 'Asociado de Ventas', '722 DaVinci Blvd.', 'Kirkland', 'WA', '98034', 'EE.UU.', '(206) 555-8257', '(206) 555-2174'),
('VAFFE', 'Vaffeljernet', 'Palle Ibsen', 'Gerente de Ventas', 'Smagsloget 45', 'Århus', NULL, '8200', 'Dinamarca', '86 21 32 43', '86 22 33 44'),
('VICTE', 'Victuailles en stock', 'Mary Saveley', 'Agente de Ventas', '2, rue du Commerce', 'Lyon', NULL, '69004', 'Francia', '78.32.54.86', '78.32.54.87'),
('VINET', 'Vins et alcools Chevalier', 'Paul Henriot', 'Gerente de Contabilidad', '59 rue de l''Abbaye', 'Reims', NULL, '51100', 'Francia', '26.47.15.10', '26.47.15.11'),
('WANDK', 'Die Wandernde Kuh', 'Rita Müller', 'Representante de Ventas', 'Adenauerallee 900', 'Stuttgart', NULL, '70563', 'Alemania', '0711-020361', '0711-035428'),
('WARTH', 'Wartian Herkku', 'Pirkko Koskitalo', 'Gerente de Contabilidad', 'Torikatu 38', 'Oulu', NULL, '90110', 'Finlandia', '981-443655', '981-443655'),
('WELLI', 'Wellington Importadora', 'Paula Parente', 'Gerente de Ventas', 'Rua do Mercado, 12', 'Resende', 'SP', '08737-363', 'Brasil', '(14) 555-8122', NULL),
('WHITC', 'White Clover Markets', 'Karl Jablonski', 'Dueño', '305 - 14th Ave. S. Suite 3B', 'Seattle', 'WA', '98128', 'EE.UU.', '(206) 555-4112', '(206) 555-4115'),
('WILMK', 'Wilman Kala', 'Matti Karttunen', 'Dueño/Asistente de Marketing', 'Keskuskatu 45', 'Helsinki', NULL, '21240', 'Finlandia', '90-224 8858', '90-224 8858'),
('WOLZA', 'Wolski  Zajazd', 'Zbyszek Piestrzeniewicz', 'Dueño', 'ul. Filtrowa 68', 'Warszawa', NULL, '01-012', 'Polonia', '(26) 642-7012', '(26) 642-7012');

INSERT INTO Transportistas (IDTransportista, NombreEmpresa, Telefono) VALUES
(1, 'Speedy Express', '(503) 555-9831'),
(2, 'United Package', '(503) 555-3199'),
(3, 'Federal Shipping', '(503) 555-9931');

INSERT INTO Pedidos (IDPedido, IDCliente, IDEmpleado, FechaPedido, FechaRequerida, FechaEnvio, EnvioPor, Flete, NombreEnvio, DireccionEnvio, CiudadEnvio, RegionEnvio, CodigoPostalEnvio, PaisEnvio) VALUES
(10248, 'VINET', 5, '2019-07-04 16:58:00.000', '20190801', '20190716', 3, 32.3800, 'Vins et alcools Chevalier', '59 rue de l''Abbaye', 'Reims', NULL, '51100', 'Francia'),
(10249, 'TOMSP', 6, '2019-07-05 18:17:00.000', '20190816', '20190710', 1, 11.6100, 'Toms Spezialitäten', 'Luisenstr. 48', 'Münster', NULL, '44087', 'Alemania'),
(10250, 'HANAR', 4, '2019-07-08 14:38:00.000', '20190805', '20190712', 2, 65.8300, 'Hanari Carnes', 'Rua do Paço, 67', 'Rio de Janeiro', 'RJ', '05454-876', 'Brasil'),
(10251, 'VICTE', 3, '2019-07-08 17:23:00.000', '20190805', '20190715', 1, 41.3400, 'Victuailles en stock', '2, rue du Commerce', 'Lyon', NULL, '69004', 'Francia'),
(10252, 'SUPRD', 4, '2019-07-09 15:35:00.000', '20190806', '20190711', 2, 51.3000, 'Suprêmes délices', 'Boulevard Tirou, 255', 'Charleroi', NULL, 'B-6000', 'Bélgica'),
(10253, 'HANAR', 3, '2019-07-10 16:49:00.000', '20190724', '20190716', 2, 58.1700, 'Hanari Carnes', 'Rua do Paço, 67', 'Rio de Janeiro', 'RJ', '05454-876', 'Brasil'),
(10254, 'CHOPS', 5, '2019-07-11 15:38:00.000', '20190808', '20190723', 2, 22.9800, 'Chop-suey Chinese', 'Hauptstr. 31', 'Bern', NULL, '3012', 'Suiza'),
(10255, 'RICSU', 9, '2019-07-12 18:30:00.000', '20190809', '20190715', 3, 148.3300, 'Richter Supermarkt', 'Starenweg 5', 'Genève', NULL, '1204', 'Suiza'),
(10256, 'WELLI', 3, '2019-07-15 17:36:00.000', '20190812', '20190717', 2, 13.9700, 'Wellington Importadora', 'Rua do Mercado, 12', 'Resende', 'SP', '08737-363', 'Brasil'),
(10257, 'HILAA', 4, '2019-07-16 17:53:00.000', '20190813', '20190722', 3, 81.9100, 'HILARION-Abastos', 'Carrera 22 con Ave. Carlos Soublette #8-35', 'San Cristóbal', 'Táchira', '5022', 'Venezuela'),
(10258, 'ERNSH', 1, '2019-07-17 18:47:00.000', '20190814', '20190723', 1, 140.5100, 'Ernst Handel', 'Kirchgasse 6', 'Graz', NULL, '8010', 'Austria'),
(10259, 'CENTC', 4, '2019-07-18 14:49:00.000', '20190815', '20190725', 3, 3.2500, 'Centro comercial Moctezuma', 'Sierras de Granada 9993', 'México D.F.', NULL, '05022', 'Mexico'),
(10260, 'OTTIK', 4, '2019-07-19 15:38:00.000', '20190816', '20190729', 1, 55.0900, 'Ottilies Käseladen', 'Mehrheimerstr. 369', 'Köln', NULL, '50739', 'Alemania'),
(10261, 'QUEDE', 4, '2019-07-19 18:39:00.000', '20190816', '20190730', 2, 3.0500, 'Que Delícia', 'Rua da Panificadora, 12', 'Rio de Janeiro', 'RJ', '02389-673', 'Brasil'),
(10262, 'RATTC', 8, '2019-07-22 14:21:00.000', '20190819', '20190725', 3, 48.2900, 'Rattlesnake Canyon Grocery', '2817 Milton Dr.', 'Albuquerque', 'NM', '87110', 'EE.UU.'),
(10263, 'ERNSH', 9, '2019-07-23 17:38:00.000', '20190820', '20190731', 3, 146.0600, 'Ernst Handel', 'Kirchgasse 6', 'Graz', NULL, '8010', 'Austria'),
(10264, 'FOLKO', 6, '2019-07-24 13:21:00.000', '20190821', '20190823', 3, 3.6700, 'Folk och fä HB', 'Åkergatan 24', 'Bräcke', NULL, 'S-844 67', 'Suecia'),
(10265, 'BLONP', 2, '2019-07-25 18:19:00.000', '20190822', '20190812', 1, 55.2800, 'Blondel père et fils', '24, place Kléber', 'Strasbourg', NULL, '67000', 'Francia'),
(10266, 'WARTH', 3, '2019-07-26 17:41:00.000', '20190906', '20190731', 3, 25.7300, 'Wartian Herkku', 'Torikatu 38', 'Oulu', NULL, '90110', 'Finlandia'),
(10267, 'FRANK', 4, '2019-07-29 16:51:00.000', '20190826', '20190806', 1, 208.5800, 'Frankenversand', 'Berliner Platz 43', 'München', NULL, '80805', 'Alemania'),
(10268, 'GROSR', 8, '2019-07-30 17:30:00.000', '20190827', '20190802', 3, 66.2900, 'GROSELLA-Restaurante', '5ª Ave. Los Palos Grandes', 'Caracas', 'DF', '1081', 'Venezuela'),
(10269, 'WHITC', 5, '2019-07-31 13:41:00.000', '20190814', '20190809', 1, 4.5600, 'White Clover Markets', '1029 - 12th Ave. S.', 'Seattle', 'WA', '98124', 'EE.UU.'),
(10270, 'WARTH', 1, '2019-08-01 18:27:00.000', '20190829', '20190802', 1, 136.5400, 'Wartian Herkku', 'Torikatu 38', 'Oulu', NULL, '90110', 'Finlandia'),
(10271, 'SPLIR', 6, '2019-08-01 15:44:00.000', '20190829', '20190830', 2, 4.5400, 'Split Rail Beer & Ale', 'P.O. Box 555', 'Lander', 'WY', '82520', 'EE.UU.'),
(10272, 'RATTC', 6, '2019-08-02 17:22:00.000', '20190830', '20190806', 2, 98.0300, 'Rattlesnake Canyon Grocery', '2817 Milton Dr.', 'Albuquerque', 'NM', '87110', 'EE.UU.'),
(10273, 'QUICK', 3, '2019-08-05 14:44:00.000', '20190902', '20190812', 3, 76.0700, 'QUICK-Stop', 'Taucherstraße 10', 'Cunewalde', NULL, '01307', 'Alemania'),
(10274, 'VINET', 6, '2019-08-06 12:21:00.000', '20190903', '20190816', 1, 6.0100, 'Vins et alcools Chevalier', '59 rue de l''Abbaye', 'Reims', NULL, '51100', 'Francia'),
(10275, 'MAGAA', 1, '2019-08-07 15:34:00.000', '20190904', '20190809', 1, 26.9300, 'Magazzini Alimentari Riuniti', 'Via Ludovico il Moro 22', 'Bergamo', NULL, '24100', 'Italia'),
(10276, 'TORTU', 8, '2019-08-08 18:52:00.000', '20190822', '20190814', 3, 13.8400, 'Tortuga Restaurante', 'Avda. Azteca 123', 'México D.F.', NULL, '05033', 'Mexico'),
(10277, 'MORGK', 2, '2019-08-09 13:50:00.000', '20190906', '20190813', 3, 125.7700, 'Morgenstern Gesundkost', 'Heerstr. 22', 'Leipzig', NULL, '04179', 'Alemania'),
(10278, 'BERGS', 8, '2019-08-12 13:54:00.000', '20190909', '20190816', 2, 92.6900, 'Berglunds snabbköp', 'Berguvsvägen  8', 'Luleå', NULL, 'S-958 22', 'Suecia'),
(10279, 'LEHMS', 8, '2019-08-13 15:31:00.000', '20190910', '20190816', 2, 25.8300, 'Lehmanns Marktstand', 'Magazinweg 7', 'Frankfurt a.M.', NULL, '60528', 'Alemania'),
(10280, 'BERGS', 2, '2019-08-14 12:52:00.000', '20190911', '20190912', 1, 8.9800, 'Berglunds snabbköp', 'Berguvsvägen  8', 'Luleå', NULL, 'S-958 22', 'Suecia'),
(10281, 'ROMEY', 4, '2019-08-14 15:39:00.000', '20190828', '20190821', 1, 2.9400, 'Romero y tomillo', 'Gran Vía, 1', 'Madrid', NULL, '28001', 'España'),
(10282, 'ROMEY', 4, '2019-08-15 14:47:00.000', '20190912', '20190821', 1, 12.6900, 'Romero y tomillo', 'Gran Vía, 1', 'Madrid', NULL, '28001', 'España'),
(10283, 'LILAS', 3, '2019-08-16 12:56:00.000', '20190913', '20190823', 3, 84.8100, 'LILA-Supermercado', 'Carrera 52 con Ave. Bolívar #65-98 Llano Largo', 'Barquisimeto', 'Lara', '3508', 'Venezuela'),
(10284, 'LEHMS', 4, '2019-08-19 12:38:00.000', '20190916', '20190827', 1, 76.5600, 'Lehmanns Marktstand', 'Magazinweg 7', 'Frankfurt a.M.', NULL, '60528', 'Alemania'),
(10285, 'QUICK', 1, '2019-08-20 12:29:00.000', '20190917', '20190826', 2, 76.8300, 'QUICK-Stop', 'Taucherstraße 10', 'Cunewalde', NULL, '01307', 'Alemania'),
(10286, 'QUICK', 8, '2019-08-21 12:39:00.000', '20190918', '20190830', 3, 229.2400, 'QUICK-Stop', 'Taucherstraße 10', 'Cunewalde', NULL, '01307', 'Alemania'),
(10287, 'RICAR', 8, '2019-08-22 17:58:00.000', '20190919', '20190828', 3, 12.7600, 'Ricardo Adocicados', 'Av. Copacabana, 267', 'Rio de Janeiro', 'RJ', '02389-890', 'Brasil'),
(10288, 'REGGC', 4, '2019-08-23 18:58:00.000', '20190920', '20190903', 1, 7.4500, 'Reggiani Caseifici', 'Strada Provinciale 124', 'Reggio Emilia', NULL, '42100', 'Italia'),
(10289, 'BSBEV', 7, '2019-08-26 18:18:00.000', '20190923', '20190828', 3, 22.7700, 'B''s Beverages', 'Fauntleroy Circus', 'London', NULL, 'EC2 5NT', 'Reino Unido'),
(10290, 'COMMI', 8, '2019-08-27 14:39:00.000', '20190924', '20190903', 1, 79.7000, 'Comércio Mineiro', 'Av. dos Lusíadas, 23', 'Sao Paulo', 'SP', '05432-043', 'Brasil'),
(10291, 'QUEDE', 6, '2019-08-27 12:50:00.000', '20190924', '20190904', 2, 6.4000, 'Que Delícia', 'Rua da Panificadora, 12', 'Rio de Janeiro', 'RJ', '02389-673', 'Brasil'),
(10292, 'TRADH', 1, '2019-08-28 16:16:00.000', '20190925', '20190902', 2, 1.3500, 'Tradiçao Hipermercados', 'Av. Inês de Castro, 414', 'Sao Paulo', 'SP', '05634-030', 'Brasil'),
(10293, 'TORTU', 1, '2019-08-29 13:12:00.000', '20190926', '20190911', 3, 21.1800, 'Tortuga Restaurante', 'Avda. Azteca 123', 'México D.F.', NULL, '05033', 'Mexico'),
(10294, 'RATTC', 4, '2019-08-30 14:19:00.000', '20190927', '20190905', 2, 147.2600, 'Rattlesnake Canyon Grocery', '2817 Milton Dr.', 'Albuquerque', 'NM', '87110', 'EE.UU.'),
(10295, 'VINET', 2, '2019-09-02 13:32:00.000', '20190930', '20190910', 2, 1.1500, 'Vins et alcools Chevalier', '59 rue de l''Abbaye', 'Reims', NULL, '51100', 'Francia'),
(10296, 'LILAS', 6, '2019-09-03 15:37:00.000', '20191001', '20190911', 1, 0.1200, 'LILA-Supermercado', 'Carrera 52 con Ave. Bolívar #65-98 Llano Largo', 'Barquisimeto', 'Lara', '3508', 'Venezuela'),
(10297, 'BLONP', 5, '2019-09-04 18:56:00.000', '20191016', '20190910', 2, 5.7400, 'Blondel père et fils', '24, place Kléber', 'Strasbourg', NULL, '67000', 'Francia'),
(10298, 'HUNGO', 6, '2019-09-05 17:31:00.000', '20191003', '20190911', 2, 168.2200, 'Hungry Owl All-Night Grocers', '8 Johnstown Road', 'Cork', 'Co. Cork', NULL, 'Irlanda'),
(10299, 'RICAR', 4, '2019-09-06 17:48:00.000', '20191004', '20190913', 2, 29.7600, 'Ricardo Adocicados', 'Av. Copacabana, 267', 'Rio de Janeiro', 'RJ', '02389-890', 'Brasil'),
(10300, 'MAGAA', 2, '2019-09-09 12:14:00.000', '20191007', '20190918', 2, 17.6800, 'Magazzini Alimentari Riuniti', 'Via Ludovico il Moro 22', 'Bergamo', NULL, '24100', 'Italia'),
(10301, 'WANDK', 8, '2019-09-09 16:39:00.000', '20191007', '20190917', 2, 45.0800, 'Die Wandernde Kuh', 'Adenauerallee 900', 'Stuttgart', NULL, '70563', 'Alemania'),
(10302, 'SUPRD', 4, '2019-09-10 18:37:00.000', '20191008', '20191009', 2, 6.2700, 'Suprêmes délices', 'Boulevard Tirou, 255', 'Charleroi', NULL, 'B-6000', 'Bélgica'),
(10303, 'GODOS', 7, '2019-09-11 14:12:00.000', '20191009', '20190918', 2, 107.8300, 'Godos Cocina Típica', 'C/ Romero, 33', 'Sevilla', NULL, '41101', 'España'),
(10304, 'TORTU', 1, '2019-09-12 16:46:00.000', '20191010', '20190917', 2, 63.7900, 'Tortuga Restaurante', 'Avda. Azteca 123', 'México D.F.', NULL, '05033', 'Mexico'),
(10305, 'OLDWO', 8, '2019-09-13 18:27:00.000', '20191011', '20191009', 3, 257.6200, 'Old World Delicatessen', '2743 Bering St.', 'Anchorage', 'AK', '99508', 'EE.UU.'),
(10306, 'ROMEY', 1, '2019-09-16 18:43:00.000', '20191014', '20190923', 3, 7.5600, 'Romero y tomillo', 'Gran Vía, 1', 'Madrid', NULL, '28001', 'España'),
(10307, 'LONEP', 2, '2019-09-17 17:44:00.000', '20191015', '20190925', 2, 0.5600, 'Lonesome Pine Restaurant', '89 Chiaroscuro Rd.', 'Portland', 'OR', '97219', 'EE.UU.'),
(10308, 'ANATR', 7, '2019-09-18 13:10:00.000', '20191016', '20190924', 3, 1.6100, 'Ana Trujillo Emparedados y helados', 'Avda. de la Constitución 2222', 'México D.F.', NULL, '05021', 'Mexico'),
(10309, 'HUNGO', 3, '2019-09-19 14:46:00.000', '20191017', '20191023', 1, 47.3000, 'Hungry Owl All-Night Grocers', '8 Johnstown Road', 'Cork', 'Co. Cork', NULL, 'Irlanda'),
(10310, 'THEBI', 8, '2019-09-20 15:54:00.000', '20191018', '20190927', 2, 17.5200, 'The Big Cheese', '89 Jefferson Way Suite 2', 'Portland', 'OR', '97201', 'EE.UU.'),
(10311, 'DUMON', 1, '2019-09-20 18:27:00.000', '20191004', '20190926', 3, 24.6900, 'Du monde entier', '67, rue des Cinquante Otages', 'Nantes', NULL, '44000', 'Francia'),
(10312, 'WANDK', 2, '2019-09-23 16:19:00.000', '20191021', '20191003', 2, 40.2600, 'Die Wandernde Kuh', 'Adenauerallee 900', 'Stuttgart', NULL, '70563', 'Alemania'),
(10313, 'QUICK', 2, '2019-09-24 15:51:00.000', '20191022', '20191004', 2, 1.9600, 'QUICK-Stop', 'Taucherstraße 10', 'Cunewalde', NULL, '01307', 'Alemania'),
(10314, 'RATTC', 1, '2019-09-25 13:18:00.000', '20191023', '20191004', 2, 74.1600, 'Rattlesnake Canyon Grocery', '2817 Milton Dr.', 'Albuquerque', 'NM', '87110', 'EE.UU.'),
(10315, 'ISLAT', 4, '2019-09-26 12:50:00.000', '20191024', '20191003', 2, 41.7600, 'Island Trading', 'Garden House Crowther Way', 'Cowes', 'Isle of Wight', 'PO31 7PJ', 'Reino Unido'),
(10316, 'RATTC', 1, '2019-09-27 13:21:00.000', '20191025', '20191008', 3, 150.1500, 'Rattlesnake Canyon Grocery', '2817 Milton Dr.', 'Albuquerque', 'NM', '87110', 'EE.UU.'),
(10317, 'LONEP', 6, '2019-09-30 15:21:00.000', '20191028', '20191010', 1, 12.6900, 'Lonesome Pine Restaurant', '89 Chiaroscuro Rd.', 'Portland', 'OR', '97219', 'EE.UU.'),
(10318, 'ISLAT', 8, '2019-10-01 16:26:00.000', '20191029', '20191004', 2, 4.7300, 'Island Trading', 'Garden House Crowther Way', 'Cowes', 'Isle of Wight', 'PO31 7PJ', 'Reino Unido'),
(10319, 'TORTU', 7, '2019-10-02 13:31:00.000', '20191030', '20191011', 3, 64.5000, 'Tortuga Restaurante', 'Avda. Azteca 123', 'México D.F.', NULL, '05033', 'Mexico'),
(10320, 'WARTH', 5, '2019-10-03 18:19:00.000', '20191017', '20191018', 3, 34.5700, 'Wartian Herkku', 'Torikatu 38', 'Oulu', NULL, '90110', 'Finlandia'),
(10321, 'ISLAT', 3, '2019-10-03 16:31:00.000', '20191031', '20191011', 2, 3.4300, 'Island Trading', 'Garden House Crowther Way', 'Cowes', 'Isle of Wight', 'PO31 7PJ', 'Reino Unido'),
(10322, 'PERIC', 7, '2019-10-04 15:50:00.000', '20191101', '20191023', 3, 0.4000, 'Pericles Comidas clásicas', 'Calle Dr. Jorge Cash 321', 'México D.F.', NULL, '05033', 'Mexico'),
(10323, 'KOENE', 4, '2019-10-07 14:34:00.000', '20191104', '20191014', 1, 4.8800, 'Königlich Essen', 'Maubelstr. 90', 'Brandenburg', NULL, '14776', 'Alemania'),
(10324, 'SAVEA', 9, '2019-10-08 14:21:00.000', '20191105', '20191010', 1, 214.2700, 'Save-a-lot Markets', '187 Suffolk Ln.', 'Boise', 'ID', '83720', 'EE.UU.'),
(10325, 'KOENE', 1, '2019-10-09 13:24:00.000', '20191023', '20191014', 3, 64.8600, 'Königlich Essen', 'Maubelstr. 90', 'Brandenburg', NULL, '14776', 'Alemania'),
(10326, 'BOLID', 4, '2019-10-10 17:16:00.000', '20191107', '20191014', 2, 77.9200, 'Bólido Comidas preparadas', 'C/ Araquil, 67', 'Madrid', NULL, '28023', 'España'),
(10327, 'FOLKO', 2, '2019-10-11 15:55:00.000', '20191108', '20191014', 1, 63.3600, 'Folk och fä HB', 'Åkergatan 24', 'Bräcke', NULL, 'S-844 67', 'Suecia'),
(10328, 'FURIB', 4, '2019-10-14 14:57:00.000', '20191111', '20191017', 3, 87.0300, 'Furia Bacalhau e Frutos do Mar', 'Jardim das rosas n. 32', 'Lisboa', NULL, '1675', 'Portugal'),
(10329, 'SPLIR', 4, '2019-10-15 13:40:00.000', '20191126', '20191023', 2, 191.6700, 'Split Rail Beer & Ale', 'P.O. Box 555', 'Lander', 'WY', '82520', 'EE.UU.'),
(10330, 'LILAS', 3, '2019-10-16 14:41:00.000', '20191113', '20191028', 1, 12.7500, 'LILA-Supermercado', 'Carrera 52 con Ave. Bolívar #65-98 Llano Largo', 'Barquisimeto', 'Lara', '3508', 'Venezuela'),
(10331, 'BONAP', 9, '2019-10-16 13:37:00.000', '20191127', '20191021', 1, 10.1900, 'Bon app''', '12, rue des Bouchers', 'Marseille', NULL, '13008', 'Francia'),
(10332, 'MEREP', 3, '2019-10-17 18:46:00.000', '20191128', '20191021', 2, 52.8400, 'Mère Paillarde', '43 rue St. Laurent', 'Montréal', 'Québec', 'H1J 1C3', 'Canadá'),
(10333, 'WARTH', 5, '2019-10-18 13:36:00.000', '20191115', '20191025', 3, 0.5900, 'Wartian Herkku', 'Torikatu 38', 'Oulu', NULL, '90110', 'Finlandia'),
(10334, 'VICTE', 8, '2019-10-21 12:25:00.000', '20191118', '20191028', 2, 8.5600, 'Victuailles en stock', '2, rue du Commerce', 'Lyon', NULL, '69004', 'Francia'),
(10335, 'HUNGO', 7, '2019-10-22 18:34:00.000', '20191119', '20191024', 2, 42.1100, 'Hungry Owl All-Night Grocers', '8 Johnstown Road', 'Cork', 'Co. Cork', NULL, 'Irlanda'),
(10336, 'PRINI', 7, '2019-10-23 13:35:00.000', '20191120', '20191025', 2, 15.5100, 'Princesa Isabel Vinhos', 'Estrada da saúde n. 58', 'Lisboa', NULL, '1756', 'Portugal'),
(10337, 'FRANK', 4, '2019-10-24 12:57:00.000', '20191121', '20191029', 3, 108.2600, 'Frankenversand', 'Berliner Platz 43', 'München', NULL, '80805', 'Alemania'),
(10338, 'OLDWO', 4, '2019-10-25 18:12:00.000', '20191122', '20191029', 3, 84.2100, 'Old World Delicatessen', '2743 Bering St.', 'Anchorage', 'AK', '99508', 'EE.UU.'),
(10339, 'MEREP', 2, '2019-10-28 13:23:00.000', '20191125', '20191104', 2, 15.6600, 'Mère Paillarde', '43 rue St. Laurent', 'Montréal', 'Québec', 'H1J 1C3', 'Canadá'),
(10340, 'BONAP', 1, '2019-10-29 18:43:00.000', '20191126', '20191108', 3, 166.3100, 'Bon app''', '12, rue des Bouchers', 'Marseille', NULL, '13008', 'Francia'),
(10341, 'SIMOB', 7, '2019-10-29 15:12:00.000', '20191126', '20191105', 3, 26.7800, 'Simons bistro', 'Vinbæltet 34', 'Kobenhavn', NULL, '1734', 'Dinamarca'),
(10342, 'FRANK', 4, '2019-10-30 16:47:00.000', '20191113', '20191104', 2, 54.8300, 'Frankenversand', 'Berliner Platz 43', 'München', NULL, '80805', 'Alemania'),
(10343, 'LEHMS', 4, '2019-10-31 17:57:00.000', '20191128', '20191106', 1, 110.3700, 'Lehmanns Marktstand', 'Magazinweg 7', 'Frankfurt a.M.', NULL, '60528', 'Alemania'),
(10344, 'WHITC', 4, '2019-11-01 12:14:00.000', '20191129', '20191105', 2, 23.2900, 'White Clover Markets', '1029 - 12th Ave. S.', 'Seattle', 'WA', '98124', 'EE.UU.'),
(10345, 'QUICK', 2, '2019-11-04 13:16:00.000', '20191202', '20191111', 2, 249.0600, 'QUICK-Stop', 'Taucherstraße 10', 'Cunewalde', NULL, '01307', 'Alemania'),
(10346, 'RATTC', 3, '2019-11-05 18:23:00.000', '20191217', '20191108', 3, 142.0800, 'Rattlesnake Canyon Grocery', '2817 Milton Dr.', 'Albuquerque', 'NM', '87110', 'EE.UU.'),
(10347, 'FAMIA', 4, '2019-11-06 16:40:00.000', '20191204', '20191108', 3, 3.1000, 'Familia Arquibaldo', 'Rua Orós, 92', 'Sao Paulo', 'SP', '05442-030', 'Brasil'),
(10348, 'WANDK', 4, '2019-11-07 14:45:00.000', '20191205', '20191115', 2, 0.7800, 'Die Wandernde Kuh', 'Adenauerallee 900', 'Stuttgart', NULL, '70563', 'Alemania'),
(10349, 'SPLIR', 7, '2019-11-08 13:23:00.000', '20191206', '20191115', 1, 8.6300, 'Split Rail Beer & Ale', 'P.O. Box 555', 'Lander', 'WY', '82520', 'EE.UU.'),
(10350, 'LAMAI', 6, '2019-11-11 15:35:00.000', '20191209', '20191203', 2, 64.1900, 'La maison d''Asie', '1 rue Alsace-Lorraine', 'Toulouse', NULL, '31000', 'Francia'),
(10351, 'ERNSH', 1, '2019-11-11 17:19:00.000', '20191209', '20191120', 1, 162.3300, 'Ernst Handel', 'Kirchgasse 6', 'Graz', NULL, '8010', 'Austria'),
(10352, 'FURIB', 3, '2019-11-12 12:10:00.000', '20191126', '20191118', 3, 1.3000, 'Furia Bacalhau e Frutos do Mar', 'Jardim das rosas n. 32', 'Lisboa', NULL, '1675', 'Portugal'),
(10353, 'PICCO', 7, '2019-11-13 13:17:00.000', '20191211', '20191125', 3, 360.6300, 'Piccolo und mehr', 'Geislweg 14', 'Salzburg', NULL, '5020', 'Austria'),
(10354, 'PERIC', 8, '2019-11-14 13:35:00.000', '20191212', '20191120', 3, 53.8000, 'Pericles Comidas clásicas', 'Calle Dr. Jorge Cash 321', 'México D.F.', NULL, '05033', 'Mexico'),
(10355, 'AROUT', 6, '2019-11-15 12:40:00.000', '20191213', '20191120', 1, 41.9500, 'Around the Horn', 'Brook Farm Stratford St. Mary', 'Colchester', 'Essex', 'CO7 6JX', 'Reino Unido'),
(10356, 'WANDK', 6, '2019-11-18 13:58:00.000', '20191216', '20191127', 2, 36.7100, 'Die Wandernde Kuh', 'Adenauerallee 900', 'Stuttgart', NULL, '70563', 'Alemania'),
(10357, 'LILAS', 1, '2019-11-19 12:56:00.000', '20191217', '20191202', 3, 34.8800, 'LILA-Supermercado', 'Carrera 52 con Ave. Bolívar #65-98 Llano Largo', 'Barquisimeto', 'Lara', '3508', 'Venezuela'),
(10358, 'LAMAI', 5, '2019-11-20 12:56:00.000', '20191218', '20191127', 1, 19.6400, 'La maison d''Asie', '1 rue Alsace-Lorraine', 'Toulouse', NULL, '31000', 'Francia'),
(10359, 'SEVES', 5, '2019-11-21 12:10:00.000', '20191219', '20191126', 3, 288.4300, 'Seven Seas Imports', '90 Wadhurst Rd.', 'London', NULL, 'OX15 4NB', 'Reino Unido'),
(10360, 'BLONP', 4, '2019-11-22 17:30:00.000', '20191220', '20191202', 3, 131.7000, 'Blondel père et fils', '24, place Kléber', 'Strasbourg', NULL, '67000', 'Francia'),
(10361, 'QUICK', 1, '2019-11-22 15:49:00.000', '20191220', '20191203', 2, 183.1700, 'QUICK-Stop', 'Taucherstraße 10', 'Cunewalde', NULL, '01307', 'Alemania'),
(10362, 'BONAP', 3, '2019-11-25 14:13:00.000', '20191223', '20191128', 1, 96.0400, 'Bon app''', '12, rue des Bouchers', 'Marseille', NULL, '13008', 'Francia'),
(10363, 'DRACD', 4, '2019-11-26 17:30:00.000', '20191224', '20191204', 3, 30.5400, 'Drachenblut Delikatessen', 'Walserweg 21', 'Aachen', NULL, '52066', 'Alemania'),
(10364, 'EASTC', 1, '2019-11-26 16:23:00.000', '20200107', '20191204', 1, 71.9700, 'Eastern Connection', '35 King George', 'London', NULL, 'WX3 6FW', 'Reino Unido'),
(10365, 'ANTON', 3, '2019-11-27 17:42:00.000', '20191225', '20191202', 2, 22.0000, 'Antonio Moreno Taquería', 'Mataderos  2312', 'México D.F.', NULL, '05023', 'Mexico'),
(10366, 'GALED', 8, '2019-11-28 16:18:00.000', '20200109', '20191230', 2, 10.1400, 'Galería del gastronómo', 'Rambla de Cataluña, 23', 'Barcelona', NULL, '8022', 'España'),
(10367, 'VAFFE', 7, '2019-11-28 15:25:00.000', '20191226', '20191202', 3, 13.5500, 'Vaffeljernet', 'Smagsloget 45', 'Århus', NULL, '8200', 'Dinamarca'),
(10368, 'ERNSH', 2, '2019-11-29 15:15:00.000', '20191227', '20191202', 2, 101.9500, 'Ernst Handel', 'Kirchgasse 6', 'Graz', NULL, '8010', 'Austria'),
(10369, 'SPLIR', 8, '2019-12-02 16:52:00.000', '20191230', '20191209', 2, 195.6800, 'Split Rail Beer & Ale', 'P.O. Box 555', 'Lander', 'WY', '82520', 'EE.UU.'),
(10370, 'CHOPS', 6, '2019-12-03 16:11:00.000', '20191231', '20191227', 2, 1.1700, 'Chop-suey Chinese', 'Hauptstr. 31', 'Bern', NULL, '3012', 'Suiza'),
(10371, 'LAMAI', 1, '2019-12-03 14:28:00.000', '20191231', '20191224', 1, 0.4500, 'La maison d''Asie', '1 rue Alsace-Lorraine', 'Toulouse', NULL, '31000', 'Francia'),
(10372, 'QUEEN', 5, '2019-12-04 17:10:00.000', '20200101', '20191209', 2, 890.7800, 'Queen Cozinha', 'Alameda dos Canàrios, 891', 'Sao Paulo', 'SP', '05487-020', 'Brasil'),
(10373, 'HUNGO', 4, '2019-12-05 17:15:00.000', '20200102', '20191211', 3, 124.1200, 'Hungry Owl All-Night Grocers', '8 Johnstown Road', 'Cork', 'Co. Cork', NULL, 'Irlanda'),
(10374, 'WOLZA', 1, '2019-12-05 12:46:00.000', '20200102', '20191209', 3, 3.9400, 'Wolski Zajazd', 'ul. Filtrowa 68', 'Warszawa', NULL, '01-012', 'Polonia'),
(10375, 'HUNGC', 3, '2019-12-06 18:48:00.000', '20200103', '20191209', 2, 20.1200, 'Hungry Coyote Import Store', 'City Center Plaza 516 Main St.', 'Elgin', 'OR', '97827', 'EE.UU.'),
(10376, 'MEREP', 1, '2019-12-09 12:43:00.000', '20200106', '20191213', 2, 20.3900, 'Mère Paillarde', '43 rue St. Laurent', 'Montréal', 'Québec', 'H1J 1C3', 'Canadá'),
(10377, 'SEVES', 1, '2019-12-09 13:17:00.000', '20200106', '20191213', 3, 22.2100, 'Seven Seas Imports', '90 Wadhurst Rd.', 'London', NULL, 'OX15 4NB', 'Reino Unido'),
(10378, 'FOLKO', 5, '2019-12-10 18:55:00.000', '20200107', '20191219', 3, 5.4400, 'Folk och fä HB', 'Åkergatan 24', 'Bräcke', NULL, 'S-844 67', 'Suecia'),
(10379, 'QUEDE', 2, '2019-12-11 16:36:00.000', '20200108', '20191213', 1, 45.0300, 'Que Delícia', 'Rua da Panificadora, 12', 'Rio de Janeiro', 'RJ', '02389-673', 'Brasil'),
(10380, 'HUNGO', 8, '2019-12-12 17:20:00.000', '20200109', '20200116', 3, 35.0300, 'Hungry Owl All-Night Grocers', '8 Johnstown Road', 'Cork', 'Co. Cork', NULL, 'Irlanda'),
(10381, 'LILAS', 3, '2019-12-12 17:29:00.000', '20200109', '20191213', 3, 7.9900, 'LILA-Supermercado', 'Carrera 52 con Ave. Bolívar #65-98 Llano Largo', 'Barquisimeto', 'Lara', '3508', 'Venezuela'),
(10382, 'ERNSH', 4, '2019-12-13 12:52:00.000', '20200110', '20191216', 1, 94.7700, 'Ernst Handel', 'Kirchgasse 6', 'Graz', NULL, '8010', 'Austria'),
(10383, 'AROUT', 8, '2019-12-16 17:48:00.000', '20200113', '20191218', 3, 34.2400, 'Around the Horn', 'Brook Farm Stratford St. Mary', 'Colchester', 'Essex', 'CO7 6JX', 'Reino Unido'),
(10384, 'BERGS', 3, '2019-12-16 18:10:00.000', '20200113', '20191220', 3, 168.6400, 'Berglunds snabbköp', 'Berguvsvägen  8', 'Luleå', NULL, 'S-958 22', 'Suecia'),
(10385, 'SPLIR', 1, '2019-12-17 15:18:00.000', '20200114', '20191223', 2, 30.9600, 'Split Rail Beer & Ale', 'P.O. Box 555', 'Lander', 'WY', '82520', 'EE.UU.'),
(10386, 'FAMIA', 9, '2019-12-18 17:59:00.000', '20200101', '20191225', 3, 13.9900, 'Familia Arquibaldo', 'Rua Orós, 92', 'Sao Paulo', 'SP', '05442-030', 'Brasil'),
(10387, 'SANTG', 1, '2019-12-18 16:18:00.000', '20200115', '20191220', 2, 93.6300, 'Santé Gourmet', 'Erling Skakkes gate 78', 'Stavern', NULL, '4110', 'Noruega'),
(10388, 'SEVES', 2, '2019-12-19 14:21:00.000', '20200116', '20191220', 1, 34.8600, 'Seven Seas Imports', '90 Wadhurst Rd.', 'London', NULL, 'OX15 4NB', 'Reino Unido'),
(10389, 'BOTTM', 4, '2019-12-20 14:36:00.000', '20200117', '20191224', 2, 47.4200, 'Bottom-Dollar Markets', '23 Tsawassen Blvd.', 'Tsawassen', 'BC', 'T2F 8M4', 'Canadá'),
(10390, 'ERNSH', 6, '2019-12-23 13:56:00.000', '20200120', '20191226', 1, 126.3800, 'Ernst Handel', 'Kirchgasse 6', 'Graz', NULL, '8010', 'Austria'),
(10391, 'DRACD', 3, '2019-12-23 15:36:00.000', '20200120', '20191231', 3, 5.4500, 'Drachenblut Delikatessen', 'Walserweg 21', 'Aachen', NULL, '52066', 'Alemania'),
(10392, 'PICCO', 2, '2019-12-24 14:30:00.000', '20200121', '20200101', 3, 122.4600, 'Piccolo und mehr', 'Geislweg 14', 'Salzburg', NULL, '5020', 'Austria'),
(10393, 'SAVEA', 1, '2019-12-25 13:51:00.000', '20200122', '20200103', 3, 126.5600, 'Save-a-lot Markets', '187 Suffolk Ln.', 'Boise', 'ID', '83720', 'EE.UU.'),
(10394, 'HUNGC', 1, '2019-12-25 13:37:00.000', '20200122', '20200103', 3, 30.3400, 'Hungry Coyote Import Store', 'City Center Plaza 516 Main St.', 'Elgin', 'OR', '97827', 'EE.UU.'),
(10395, 'HILAA', 6, '2019-12-26 15:17:00.000', '20200123', '20200103', 1, 184.4100, 'HILARION-Abastos', 'Carrera 22 con Ave. Carlos Soublette #8-35', 'San Cristóbal', 'Táchira', '5022', 'Venezuela'),
(10396, 'FRANK', 1, '2019-12-27 16:28:00.000', '20200110', '20200106', 3, 135.3500, 'Frankenversand', 'Berliner Platz 43', 'München', NULL, '80805', 'Alemania'),
(10397, 'PRINI', 5, '2019-12-27 12:47:00.000', '20200124', '20200102', 1, 60.2600, 'Princesa Isabel Vinhos', 'Estrada da saúde n. 58', 'Lisboa', NULL, '1756', 'Portugal'),
(10398, 'SAVEA', 2, '2019-12-30 16:49:00.000', '20200127', '20200109', 3, 89.1600, 'Save-a-lot Markets', '187 Suffolk Ln.', 'Boise', 'ID', '83720', 'EE.UU.'),
(10399, 'VAFFE', 8, '2019-12-31 18:35:00.000', '20200114', '20200108', 3, 27.3600, 'Vaffeljernet', 'Smagsloget 45', 'Århus', NULL, '8200', 'Dinamarca'),
(10400, 'EASTC', 1, '2020-01-01 17:42:00.000', '20200129', '20200116', 3, 83.9300, 'Eastern Connection', '35 King George', 'London', NULL, 'WX3 6FW', 'Reino Unido'),
(10401, 'RATTC', 1, '2020-01-01 13:32:00.000', '20200129', '20200110', 1, 12.5100, 'Rattlesnake Canyon Grocery', '2817 Milton Dr.', 'Albuquerque', 'NM', '87110', 'EE.UU.'),
(10402, 'ERNSH', 8, '2020-01-02 13:42:00.000', '20200213', '20200110', 2, 67.8800, 'Ernst Handel', 'Kirchgasse 6', 'Graz', NULL, '8010', 'Austria'),
(10403, 'ERNSH', 4, '2020-01-03 12:24:00.000', '20200131', '20200109', 3, 73.7900, 'Ernst Handel', 'Kirchgasse 6', 'Graz', NULL, '8010', 'Austria'),
(10404, 'MAGAA', 2, '2020-01-03 16:18:00.000', '20200131', '20200108', 1, 155.9700, 'Magazzini Alimentari Riuniti', 'Via Ludovico il Moro 22', 'Bergamo', NULL, '24100', 'Italia'),
(10405, 'LINOD', 1, '2020-01-06 17:20:00.000', '20200203', '20200122', 1, 34.8200, 'LINO-Delicateses', 'Ave. 5 de Mayo Porlamar', 'I. de Margarita', 'Nueva Esparta', '4980', 'Venezuela'),
(10406, 'QUEEN', 7, '2020-01-07 15:35:00.000', '20200218', '20200113', 1, 108.0400, 'Queen Cozinha', 'Alameda dos Canàrios, 891', 'Sao Paulo', 'SP', '05487-020', 'Brasil'),
(10407, 'OTTIK', 2, '2020-01-07 15:53:00.000', '20200204', '20200130', 2, 91.4800, 'Ottilies Käseladen', 'Mehrheimerstr. 369', 'Köln', NULL, '50739', 'Alemania'),
(10408, 'FOLIG', 8, '2020-01-08 18:35:00.000', '20200205', '20200114', 1, 11.2600, 'Folies gourmandes', '184, chaussée de Tournai', 'Lille', NULL, '59000', 'Francia'),
(10409, 'OCEAN', 3, '2020-01-09 16:25:00.000', '20200206', '20200114', 1, 29.8300, 'Océano Atlántico Ltda.', 'Ing. Gustavo Moncada 8585 Piso 20-A', 'Buenos Aires', NULL, '1010', 'Argentina'),
(10410, 'BOTTM', 3, '2020-01-10 18:55:00.000', '20200207', '20200115', 3, 2.4000, 'Bottom-Dollar Markets', '23 Tsawassen Blvd.', 'Tsawassen', 'BC', 'T2F 8M4', 'Canadá'),
(10411, 'BOTTM', 9, '2020-01-10 15:55:00.000', '20200207', '20200121', 3, 23.6500, 'Bottom-Dollar Markets', '23 Tsawassen Blvd.', 'Tsawassen', 'BC', 'T2F 8M4', 'Canadá'),
(10412, 'WARTH', 8, '2020-01-13 17:40:00.000', '20200210', '20200115', 2, 3.7700, 'Wartian Herkku', 'Torikatu 38', 'Oulu', NULL, '90110', 'Finlandia'),
(10413, 'LAMAI', 3, '2020-01-14 13:37:00.000', '20200211', '20200116', 2, 95.6600, 'La maison d''Asie', '1 rue Alsace-Lorraine', 'Toulouse', NULL, '31000', 'Francia'),
(10414, 'FAMIA', 2, '2020-01-14 18:43:00.000', '20200211', '20200117', 3, 21.4800, 'Familia Arquibaldo', 'Rua Orós, 92', 'Sao Paulo', 'SP', '05442-030', 'Brasil'),
(10415, 'HUNGC', 3, '2020-01-15 14:37:00.000', '20200212', '20200124', 1, 0.2000, 'Hungry Coyote Import Store', 'City Center Plaza 516 Main St.', 'Elgin', 'OR', '97827', 'EE.UU.'),
(10416, 'WARTH', 8, '2020-01-16 16:46:00.000', '20200213', '20200127', 3, 22.7200, 'Wartian Herkku', 'Torikatu 38', 'Oulu', NULL, '90110', 'Finlandia'),
(10417, 'SIMOB', 4, '2020-01-16 12:40:00.000', '20200213', '20200128', 3, 70.2900, 'Simons bistro', 'Vinbæltet 34', 'Kobenhavn', NULL, '1734', 'Dinamarca'),
(10418, 'QUICK', 4, '2020-01-17 17:53:00.000', '20200214', '20200124', 1, 17.5500, 'QUICK-Stop', 'Taucherstraße 10', 'Cunewalde', NULL, '01307', 'Alemania'),
(10419, 'RICSU', 4, '2020-01-20 18:41:00.000', '20200217', '20200130', 2, 137.3500, 'Richter Supermarkt', 'Starenweg 5', 'Genève', NULL, '1204', 'Suiza'),
(10420, 'WELLI', 3, '2020-01-21 16:55:00.000', '20200218', '20200127', 1, 44.1200, 'Wellington Importadora', 'Rua do Mercado, 12', 'Resende', 'SP', '08737-363', 'Brasil'),
(10421, 'QUEDE', 8, '2020-01-21 12:28:00.000', '20200304', '20200127', 1, 99.2300, 'Que Delícia', 'Rua da Panificadora, 12', 'Rio de Janeiro', 'RJ', '02389-673', 'Brasil'),
(10422, 'FRANS', 2, '2020-01-22 13:31:00.000', '20200219', '20200131', 1, 3.0200, 'Franchi S.p.A.', 'Via Monte Bianco 34', 'Torino', NULL, '10100', 'Italia'),
(10423, 'GOURL', 6, '2020-01-23 15:41:00.000', '20200206', '20200224', 3, 24.5000, 'Gourmet Lanchonetes', 'Av. Brasil, 442', 'Campinas', 'SP', '04876-786', 'Brasil'),
(10424, 'MEREP', 7, '2020-01-23 14:58:00.000', '20200220', '20200127', 2, 370.6100, 'Mère Paillarde', '43 rue St. Laurent', 'Montréal', 'Québec', 'H1J 1C3', 'Canadá'),
(10425, 'LAMAI', 6, '2020-01-24 16:49:00.000', '20200221', '20200214', 2, 7.9300, 'La maison d''Asie', '1 rue Alsace-Lorraine', 'Toulouse', NULL, '31000', 'Francia'),
(10426, 'GALED', 4, '2020-01-27 12:31:00.000', '20200224', '20200206', 1, 18.6900, 'Galería del gastronómo', 'Rambla de Cataluña, 23', 'Barcelona', NULL, '8022', 'España'),
(10427, 'PICCO', 4, '2020-01-27 16:47:00.000', '20200224', '20200303', 2, 31.2900, 'Piccolo und mehr', 'Geislweg 14', 'Salzburg', NULL, '5020', 'Austria'),
(10428, 'REGGC', 7, '2020-01-28 13:13:00.000', '20200225', '20200204', 1, 11.0900, 'Reggiani Caseifici', 'Strada Provinciale 124', 'Reggio Emilia', NULL, '42100', 'Italia'),
(10429, 'HUNGO', 3, '2020-01-29 12:43:00.000', '20200312', '20200207', 2, 56.6300, 'Hungry Owl All-Night Grocers', '8 Johnstown Road', 'Cork', 'Co. Cork', NULL, 'Irlanda'),
(10430, 'ERNSH', 4, '2020-01-30 13:40:00.000', '20200213', '20200203', 1, 458.7800, 'Ernst Handel', 'Kirchgasse 6', 'Graz', NULL, '8010', 'Austria'),
(10431, 'BOTTM', 4, '2020-01-30 17:54:00.000', '20200213', '20200207', 2, 44.1700, 'Bottom-Dollar Markets', '23 Tsawassen Blvd.', 'Tsawassen', 'BC', 'T2F 8M4', 'Canadá'),
(10432, 'SPLIR', 3, '2020-01-31 17:22:00.000', '20200214', '20200207', 2, 4.3400, 'Split Rail Beer & Ale', 'P.O. Box 555', 'Lander', 'WY', '82520', 'EE.UU.'),
(10433, 'PRINI', 3, '2020-02-03 15:28:00.000', '20200303', '20200304', 3, 73.8300, 'Princesa Isabel Vinhos', 'Estrada da saúde n. 58', 'Lisboa', NULL, '1756', 'Portugal'),
(10434, 'FOLKO', 3, '2020-02-03 14:10:00.000', '20200303', '20200213', 2, 17.9200, 'Folk och fä HB', 'Åkergatan 24', 'Bräcke', NULL, 'S-844 67', 'Suecia'),
(10435, 'CONSH', 8, '2020-02-04 15:37:00.000', '20200318', '20200207', 2, 9.2100, 'Consolidated Holdings', 'Berkeley Gardens 12  Brewery', 'London', NULL, 'WX1 6LT', 'Reino Unido'),
(10436, 'BLONP', 3, '2020-02-05 14:43:00.000', '20200305', '20200211', 2, 156.6600, 'Blondel père et fils', '24, place Kléber', 'Strasbourg', NULL, '67000', 'Francia'),
(10437, 'WARTH', 8, '2020-02-05 16:34:00.000', '20200305', '20200212', 1, 19.9700, 'Wartian Herkku', 'Torikatu 38', 'Oulu', NULL, '90110', 'Finlandia'),
(10438, 'TOMSP', 3, '2020-02-06 16:19:00.000', '20200306', '20200214', 2, 8.2400, 'Toms Spezialitäten', 'Luisenstr. 48', 'Münster', NULL, '44087', 'Alemania'),
(10439, 'MEREP', 6, '2020-02-07 14:37:00.000', '20200307', '20200210', 3, 4.0700, 'Mère Paillarde', '43 rue St. Laurent', 'Montréal', 'Québec', 'H1J 1C3', 'Canadá'),
(10440, 'SAVEA', 4, '2020-02-10 15:46:00.000', '20200310', '20200228', 2, 86.5300, 'Save-a-lot Markets', '187 Suffolk Ln.', 'Boise', 'ID', '83720', 'EE.UU.'),
(10441, 'OLDWO', 3, '2020-02-10 14:34:00.000', '20200324', '20200314', 2, 73.0200, 'Old World Delicatessen', '2743 Bering St.', 'Anchorage', 'AK', '99508', 'EE.UU.'),
(10442, 'ERNSH', 3, '2020-02-11 14:17:00.000', '20200311', '20200218', 2, 47.9400, 'Ernst Handel', 'Kirchgasse 6', 'Graz', NULL, '8010', 'Austria'),
(10443, 'REGGC', 8, '2020-02-12 13:47:00.000', '20200312', '20200214', 1, 13.9500, 'Reggiani Caseifici', 'Strada Provinciale 124', 'Reggio Emilia', NULL, '42100', 'Italia'),
(10444, 'BERGS', 3, '2020-02-12 13:34:00.000', '20200312', '20200221', 3, 3.5000, 'Berglunds snabbköp', 'Berguvsvägen  8', 'Luleå', NULL, 'S-958 22', 'Suecia'),
(10445, 'BERGS', 3, '2020-02-13 14:47:00.000', '20200313', '20200220', 1, 9.3000, 'Berglunds snabbköp', 'Berguvsvägen  8', 'Luleå', NULL, 'S-958 22', 'Suecia'),
(10446, 'TOMSP', 6, '2020-02-14 16:10:00.000', '20200314', '20200219', 1, 14.6800, 'Toms Spezialitäten', 'Luisenstr. 48', 'Münster', NULL, '44087', 'Alemania'),
(10447, 'RICAR', 4, '2020-02-14 12:17:00.000', '20200314', '20200307', 2, 68.6600, 'Ricardo Adocicados', 'Av. Copacabana, 267', 'Rio de Janeiro', 'RJ', '02389-890', 'Brasil'),
(10448, 'RANCH', 4, '2020-02-17 12:41:00.000', '20200317', '20200224', 2, 38.8200, 'Rancho grande', 'Av. del Libertador 900', 'Buenos Aires', NULL, '1010', 'Argentina'),
(10449, 'BLONP', 3, '2020-02-18 18:53:00.000', '20200318', '20200227', 2, 53.3000, 'Blondel père et fils', '24, place Kléber', 'Strasbourg', NULL, '67000', 'Francia'),
(10450, 'VICTE', 8, '2020-02-19 15:20:00.000', '20200319', '20200311', 2, 7.2300, 'Victuailles en stock', '2, rue du Commerce', 'Lyon', NULL, '69004', 'Francia'),
(10451, 'QUICK', 4, '2020-02-19 16:57:00.000', '20200305', '20200312', 3, 189.0900, 'QUICK-Stop', 'Taucherstraße 10', 'Cunewalde', NULL, '01307', 'Alemania'),
(10452, 'SAVEA', 8, '2020-02-20 15:10:00.000', '20200320', '20200226', 1, 140.2600, 'Save-a-lot Markets', '187 Suffolk Ln.', 'Boise', 'ID', '83720', 'EE.UU.'),
(10453, 'AROUT', 1, '2020-02-21 16:25:00.000', '20200321', '20200226', 2, 25.3600, 'Around the Horn', 'Brook Farm Stratford St. Mary', 'Colchester', 'Essex', 'CO7 6JX', 'Reino Unido'),
(10454, 'LAMAI', 4, '2020-02-21 16:47:00.000', '20200321', '20200225', 3, 2.7400, 'La maison d''Asie', '1 rue Alsace-Lorraine', 'Toulouse', NULL, '31000', 'Francia'),
(10455, 'WARTH', 8, '2020-02-24 14:41:00.000', '20200407', '20200303', 2, 180.4500, 'Wartian Herkku', 'Torikatu 38', 'Oulu', NULL, '90110', 'Finlandia'),
(10456, 'KOENE', 8, '2020-02-25 13:20:00.000', '20200408', '20200228', 2, 8.1200, 'Königlich Essen', 'Maubelstr. 90', 'Brandenburg', NULL, '14776', 'Alemania'),
(10457, 'KOENE', 2, '2020-02-25 14:35:00.000', '20200325', '20200303', 1, 11.5700, 'Königlich Essen', 'Maubelstr. 90', 'Brandenburg', NULL, '14776', 'Alemania'),
(10458, 'SUPRD', 7, '2020-02-26 14:47:00.000', '20200326', '20200304', 3, 147.0600, 'Suprêmes délices', 'Boulevard Tirou, 255', 'Charleroi', NULL, 'B-6000', 'Bélgica'),
(10459, 'VICTE', 4, '2020-02-27 14:43:00.000', '20200327', '20200228', 2, 25.0900, 'Victuailles en stock', '2, rue du Commerce', 'Lyon', NULL, '69004', 'Francia'),
(10460, 'FOLKO', 8, '2020-02-28 13:36:00.000', '20200328', '20200303', 1, 16.2700, 'Folk och fä HB', 'Åkergatan 24', 'Bräcke', NULL, 'S-844 67', 'Suecia'),
(10461, 'LILAS', 1, '2020-02-28 15:36:00.000', '20200328', '20200305', 3, 148.6100, 'LILA-Supermercado', 'Carrera 52 con Ave. Bolívar #65-98 Llano Largo', 'Barquisimeto', 'Lara', '3508', 'Venezuela'),
(10462, 'CONSH', 2, '2020-03-03 16:45:00.000', '20200331', '20200318', 1, 6.1700, 'Consolidated Holdings', 'Berkeley Gardens 12  Brewery', 'London', NULL, 'WX1 6LT', 'Reino Unido'),
(10463, 'SUPRD', 5, '2020-03-04 17:43:00.000', '20200401', '20200306', 3, 14.7800, 'Suprêmes délices', 'Boulevard Tirou, 255', 'Charleroi', NULL, 'B-6000', 'Bélgica'),
(10464, 'FURIB', 4, '2020-03-04 17:41:00.000', '20200401', '20200314', 2, 89.0000, 'Furia Bacalhau e Frutos do Mar', 'Jardim das rosas n. 32', 'Lisboa', NULL, '1675', 'Portugal'),
(10465, 'VAFFE', 1, '2020-03-05 12:35:00.000', '20200402', '20200314', 3, 145.0400, 'Vaffeljernet', 'Smagsloget 45', 'Århus', NULL, '8200', 'Dinamarca'),
(10466, 'COMMI', 4, '2020-03-06 13:50:00.000', '20200403', '20200313', 1, 11.9300, 'Comércio Mineiro', 'Av. dos Lusíadas, 23', 'Sao Paulo', 'SP', '05432-043', 'Brasil'),
(10467, 'MAGAA', 8, '2020-03-06 12:37:00.000', '20200403', '20200311', 2, 4.9300, 'Magazzini Alimentari Riuniti', 'Via Ludovico il Moro 22', 'Bergamo', NULL, '24100', 'Italia'),
(10468, 'KOENE', 3, '2020-03-07 12:40:00.000', '20200404', '20200312', 3, 44.1200, 'Königlich Essen', 'Maubelstr. 90', 'Brandenburg', NULL, '14776', 'Alemania'),
(10469, 'WHITC', 1, '2020-03-10 16:33:00.000', '20200407', '20200314', 1, 60.1800, 'White Clover Markets', '1029 - 12th Ave. S.', 'Seattle', 'WA', '98124', 'EE.UU.'),
(10470, 'BONAP', 4, '2020-03-11 15:53:00.000', '20200408', '20200314', 2, 64.5600, 'Bon app''', '12, rue des Bouchers', 'Marseille', NULL, '13008', 'Francia'),
(10471, 'BSBEV', 2, '2020-03-11 15:31:00.000', '20200408', '20200318', 3, 45.5900, 'B''s Beverages', 'Fauntleroy Circus', 'London', NULL, 'EC2 5NT', 'Reino Unido'),
(10472, 'SEVES', 8, '2020-03-12 16:22:00.000', '20200409', '20200319', 1, 4.2000, 'Seven Seas Imports', '90 Wadhurst Rd.', 'London', NULL, 'OX15 4NB', 'Reino Unido'),
(10473, 'ISLAT', 1, '2020-03-13 17:20:00.000', '20200327', '20200321', 3, 16.3700, 'Island Trading', 'Garden House Crowther Way', 'Cowes', 'Isle of Wight', 'PO31 7PJ', 'Reino Unido'),
(10474, 'PERIC', 5, '2020-03-13 15:27:00.000', '20200410', '20200321', 2, 83.4900, 'Pericles Comidas clásicas', 'Calle Dr. Jorge Cash 321', 'México D.F.', NULL, '05033', 'Mexico'),
(10475, 'SUPRD', 9, '2020-03-14 16:14:00.000', '20200411', '20200404', 1, 68.5200, 'Suprêmes délices', 'Boulevard Tirou, 255', 'Charleroi', NULL, 'B-6000', 'Bélgica'),
(10476, 'HILAA', 8, '2020-03-17 14:22:00.000', '20200414', '20200324', 3, 4.4100, 'HILARION-Abastos', 'Carrera 22 con Ave. Carlos Soublette #8-35', 'San Cristóbal', 'Táchira', '5022', 'Venezuela'),
(10477, 'PRINI', 5, '2020-03-17 12:17:00.000', '20200414', '20200325', 2, 13.0200, 'Princesa Isabel Vinhos', 'Estrada da saúde n. 58', 'Lisboa', NULL, '1756', 'Portugal'),
(10478, 'VICTE', 2, '2020-03-18 16:21:00.000', '20200401', '20200326', 3, 4.8100, 'Victuailles en stock', '2, rue du Commerce', 'Lyon', NULL, '69004', 'Francia'),
(10479, 'RATTC', 3, '2020-03-19 14:44:00.000', '20200416', '20200321', 3, 708.9500, 'Rattlesnake Canyon Grocery', '2817 Milton Dr.', 'Albuquerque', 'NM', '87110', 'EE.UU.'),
(10480, 'FOLIG', 6, '2020-03-20 12:43:00.000', '20200417', '20200324', 2, 1.3500, 'Folies gourmandes', '184, chaussée de Tournai', 'Lille', NULL, '59000', 'Francia'),
(10481, 'RICAR', 8, '2020-03-20 15:52:00.000', '20200417', '20200325', 2, 64.3300, 'Ricardo Adocicados', 'Av. Copacabana, 267', 'Rio de Janeiro', 'RJ', '02389-890', 'Brasil'),
(10482, 'LAZYK', 1, '2020-03-21 16:20:00.000', '20200418', '20200410', 3, 7.4800, 'Lazy K Kountry Store', '12 Orchestra Terrace', 'Walla Walla', 'WA', '99362', 'EE.UU.'),
(10483, 'WHITC', 7, '2020-03-24 12:47:00.000', '20200421', '20200425', 2, 15.2800, 'White Clover Markets', '1029 - 12th Ave. S.', 'Seattle', 'WA', '98124', 'EE.UU.'),
(10484, 'BSBEV', 3, '2020-03-24 15:42:00.000', '20200421', '20200401', 3, 6.8800, 'B''s Beverages', 'Fauntleroy Circus', 'London', NULL, 'EC2 5NT', 'Reino Unido'),
(10485, 'LINOD', 4, '2020-03-25 17:39:00.000', '20200408', '20200331', 2, 64.4500, 'LINO-Delicateses', 'Ave. 5 de Mayo Porlamar', 'I. de Margarita', 'Nueva Esparta', '4980', 'Venezuela'),
(10486, 'HILAA', 1, '2020-03-26 13:35:00.000', '20200423', '20200402', 2, 30.5300, 'HILARION-Abastos', 'Carrera 22 con Ave. Carlos Soublette #8-35', 'San Cristóbal', 'Táchira', '5022', 'Venezuela'),
(10487, 'QUEEN', 2, '2020-03-26 15:30:00.000', '20200423', '20200328', 2, 71.0700, 'Queen Cozinha', 'Alameda dos Canàrios, 891', 'Sao Paulo', 'SP', '05487-020', 'Brasil'),
(10488, 'FRANK', 8, '2020-03-27 13:30:00.000', '20200424', '20200402', 2, 4.9300, 'Frankenversand', 'Berliner Platz 43', 'München', NULL, '80805', 'Alemania'),
(10489, 'PICCO', 6, '2020-03-28 12:38:00.000', '20200425', '20200409', 2, 5.2900, 'Piccolo und mehr', 'Geislweg 14', 'Salzburg', NULL, '5020', 'Austria'),
(10490, 'HILAA', 7, '2020-03-31 12:22:00.000', '20200428', '20200403', 2, 210.1900, 'HILARION-Abastos', 'Carrera 22 con Ave. Carlos Soublette #8-35', 'San Cristóbal', 'Táchira', '5022', 'Venezuela'),
(10491, 'FURIB', 8, '2020-03-31 14:32:00.000', '20200428', '20200408', 3, 16.9600, 'Furia Bacalhau e Frutos do Mar', 'Jardim das rosas n. 32', 'Lisboa', NULL, '1675', 'Portugal'),
(10492, 'BOTTM', 3, '2020-04-01 12:35:00.000', '20200429', '20200411', 1, 62.8900, 'Bottom-Dollar Markets', '23 Tsawassen Blvd.', 'Tsawassen', 'BC', 'T2F 8M4', 'Canadá'),
(10493, 'LAMAI', 4, '2020-04-02 13:15:00.000', '20200430', '20200410', 3, 10.6400, 'La maison d''Asie', '1 rue Alsace-Lorraine', 'Toulouse', NULL, '31000', 'Francia'),
(10494, 'COMMI', 4, '2020-04-02 15:33:00.000', '20200430', '20200409', 2, 65.9900, 'Comércio Mineiro', 'Av. dos Lusíadas, 23', 'Sao Paulo', 'SP', '05432-043', 'Brasil'),
(10495, 'LAUGB', 3, '2020-04-03 12:37:00.000', '20200501', '20200411', 3, 4.6500, 'Laughing Bacchus Wine Cellars', '2319 Elm St.', 'Vancouver', 'BC', 'V3F 2K1', 'Canadá'),
(10496, 'TRADH', 7, '2020-04-04 18:49:00.000', '20200502', '20200407', 2, 46.7700, 'Tradiçao Hipermercados', 'Av. Inês de Castro, 414', 'Sao Paulo', 'SP', '05634-030', 'Brasil'),
(10497, 'LEHMS', 7, '2020-04-04 14:52:00.000', '20200502', '20200407', 1, 36.2100, 'Lehmanns Marktstand', 'Magazinweg 7', 'Frankfurt a.M.', NULL, '60528', 'Alemania'),
(10498, 'HILAA', 8, '2020-04-07 18:43:00.000', '20200505', '20200411', 2, 29.7500, 'HILARION-Abastos', 'Carrera 22 con Ave. Carlos Soublette #8-35', 'San Cristóbal', 'Táchira', '5022', 'Venezuela'),
(10499, 'LILAS', 4, '2020-04-08 12:56:00.000', '20200506', '20200416', 2, 102.0200, 'LILA-Supermercado', 'Carrera 52 con Ave. Bolívar #65-98 Llano Largo', 'Barquisimeto', 'Lara', '3508', 'Venezuela'),
(10500, 'LAMAI', 6, '2020-04-09 13:25:00.000', '20200507', '20200417', 1, 42.6800, 'La maison d''Asie', '1 rue Alsace-Lorraine', 'Toulouse', NULL, '31000', 'Francia'),
(10501, 'BLAUS', 9, '2020-04-09 14:44:00.000', '20200507', '20200416', 3, 8.8500, 'Blauer See Delikatessen', 'Forsterstr. 57', 'Mannheim', NULL, '68306', 'Alemania'),
(10502, 'PERIC', 2, '2020-04-10 15:35:00.000', '20200508', '20200429', 1, 69.3200, 'Pericles Comidas clásicas', 'Calle Dr. Jorge Cash 321', 'México D.F.', NULL, '05033', 'Mexico'),
(10503, 'HUNGO', 6, '2020-04-11 16:44:00.000', '20200509', '20200416', 2, 16.7400, 'Hungry Owl All-Night Grocers', '8 Johnstown Road', 'Cork', 'Co. Cork', NULL, 'Irlanda'),
(10504, 'WHITC', 4, '2020-04-11 18:23:00.000', '20200509', '20200418', 3, 59.1300, 'White Clover Markets', '1029 - 12th Ave. S.', 'Seattle', 'WA', '98124', 'EE.UU.'),
(10505, 'MEREP', 3, '2020-04-14 17:20:00.000', '20200512', '20200421', 3, 7.1300, 'Mère Paillarde', '43 rue St. Laurent', 'Montréal', 'Québec', 'H1J 1C3', 'Canadá'),
(10506, 'KOENE', 9, '2020-04-15 14:22:00.000', '20200513', '20200502', 2, 21.1900, 'Königlich Essen', 'Maubelstr. 90', 'Brandenburg', NULL, '14776', 'Alemania'),
(10507, 'ANTON', 7, '2020-04-15 16:54:00.000', '20200513', '20200422', 1, 47.4500, 'Antonio Moreno Taquería', 'Mataderos  2312', 'México D.F.', NULL, '05023', 'Mexico'),
(10508, 'OTTIK', 1, '2020-04-16 17:54:00.000', '20200514', '20200513', 2, 4.9900, 'Ottilies Käseladen', 'Mehrheimerstr. 369', 'Köln', NULL, '50739', 'Alemania'),
(10509, 'BLAUS', 4, '2020-04-17 16:19:00.000', '20200515', '20200429', 1, 0.1500, 'Blauer See Delikatessen', 'Forsterstr. 57', 'Mannheim', NULL, '68306', 'Alemania'),
(10510, 'SAVEA', 6, '2020-04-18 16:15:00.000', '20200516', '20200428', 3, 367.6300, 'Save-a-lot Markets', '187 Suffolk Ln.', 'Boise', 'ID', '83720', 'EE.UU.'),
(10511, 'BONAP', 4, '2020-04-18 15:45:00.000', '20200516', '20200421', 3, 350.6400, 'Bon app''', '12, rue des Bouchers', 'Marseille', NULL, '13008', 'Francia'),
(10512, 'FAMIA', 7, '2020-04-21 15:22:00.000', '20200519', '20200424', 2, 3.5300, 'Familia Arquibaldo', 'Rua Orós, 92', 'Sao Paulo', 'SP', '05442-030', 'Brasil'),
(10513, 'WANDK', 7, '2020-04-22 16:44:00.000', '20200603', '20200428', 1, 105.6500, 'Die Wandernde Kuh', 'Adenauerallee 900', 'Stuttgart', NULL, '70563', 'Alemania'),
(10514, 'ERNSH', 3, '2020-04-22 14:28:00.000', '20200520', '20200516', 2, 789.9500, 'Ernst Handel', 'Kirchgasse 6', 'Graz', NULL, '8010', 'Austria'),
(10515, 'QUICK', 2, '2020-04-23 18:21:00.000', '20200507', '20200523', 1, 204.4700, 'QUICK-Stop', 'Taucherstraße 10', 'Cunewalde', NULL, '01307', 'Alemania'),
(10516, 'HUNGO', 2, '2020-04-24 14:14:00.000', '20200522', '20200501', 3, 62.7800, 'Hungry Owl All-Night Grocers', '8 Johnstown Road', 'Cork', 'Co. Cork', NULL, 'Irlanda'),
(10517, 'NORTS', 3, '2020-04-24 17:49:00.000', '20200522', '20200429', 3, 32.0700, 'North/South', 'South House 300 Queensbridge', 'London', NULL, 'SW7 1RZ', 'Reino Unido'),
(10518, 'TORTU', 4, '2020-04-25 15:38:00.000', '20200509', '20200505', 2, 218.1500, 'Tortuga Restaurante', 'Avda. Azteca 123', 'México D.F.', NULL, '05033', 'Mexico'),
(10519, 'CHOPS', 6, '2020-04-28 18:46:00.000', '20200526', '20200501', 3, 91.7600, 'Chop-suey Chinese', 'Hauptstr. 31', 'Bern', NULL, '3012', 'Suiza'),
(10520, 'SANTG', 7, '2020-04-29 13:55:00.000', '20200527', '20200501', 1, 13.3700, 'Santé Gourmet', 'Erling Skakkes gate 78', 'Stavern', NULL, '4110', 'Noruega'),
(10521, 'CACTU', 8, '2020-04-29 12:19:00.000', '20200527', '20200502', 2, 17.2200, 'Cactus Comidas para llevar', 'Cerrito 333', 'Buenos Aires', NULL, '1010', 'Argentina'),
(10522, 'LEHMS', 4, '2020-04-30 12:28:00.000', '20200528', '20200506', 1, 45.3300, 'Lehmanns Marktstand', 'Magazinweg 7', 'Frankfurt a.M.', NULL, '60528', 'Alemania'),
(10523, 'SEVES', 7, '2020-05-01 18:26:00.000', '20200529', '20200530', 2, 77.6300, 'Seven Seas Imports', '90 Wadhurst Rd.', 'London', NULL, 'OX15 4NB', 'Reino Unido'),
(10524, 'BERGS', 1, '2020-05-01 16:29:00.000', '20200529', '20200507', 2, 244.7900, 'Berglunds snabbköp', 'Berguvsvägen  8', 'Luleå', NULL, 'S-958 22', 'Suecia'),
(10525, 'BONAP', 1, '2020-05-02 15:24:00.000', '20200530', '20200523', 2, 11.0600, 'Bon app''', '12, rue des Bouchers', 'Marseille', NULL, '13008', 'Francia'),
(10526, 'WARTH', 4, '2020-05-05 13:53:00.000', '20200602', '20200515', 2, 58.5900, 'Wartian Herkku', 'Torikatu 38', 'Oulu', NULL, '90110', 'Finlandia'),
(10527, 'QUICK', 7, '2020-05-05 15:57:00.000', '20200602', '20200507', 1, 41.9000, 'QUICK-Stop', 'Taucherstraße 10', 'Cunewalde', NULL, '01307', 'Alemania'),
(10528, 'GREAL', 6, '2020-05-06 17:35:00.000', '20200520', '20200509', 2, 3.3500, 'Great Lakes Food Market', '2732 Baker Blvd.', 'Eugene', 'OR', '97403', 'EE.UU.'),
(10529, 'MAISD', 5, '2020-05-07 13:14:00.000', '20200604', '20200509', 2, 66.6900, 'Maison Dewey', 'Rue Joseph-Bens 532', 'Bruxelles', NULL, 'B-1180', 'Bélgica'),
(10530, 'PICCO', 3, '2020-05-08 12:52:00.000', '20200605', '20200512', 2, 339.2200, 'Piccolo und mehr', 'Geislweg 14', 'Salzburg', NULL, '5020', 'Austria'),
(10531, 'OCEAN', 7, '2020-05-08 17:55:00.000', '20200605', '20200519', 1, 8.1200, 'Océano Atlántico Ltda.', 'Ing. Gustavo Moncada 8585 Piso 20-A', 'Buenos Aires', NULL, '1010', 'Argentina'),
(10532, 'EASTC', 7, '2020-05-09 15:32:00.000', '20200606', '20200512', 3, 74.4600, 'Eastern Connection', '35 King George', 'London', NULL, 'WX3 6FW', 'Reino Unido'),
(10533, 'FOLKO', 8, '2020-05-12 12:29:00.000', '20200609', '20200522', 1, 188.0400, 'Folk och fä HB', 'Åkergatan 24', 'Bräcke', NULL, 'S-844 67', 'Suecia'),
(10534, 'LEHMS', 8, '2020-05-12 12:29:00.000', '20200609', '20200514', 2, 27.9400, 'Lehmanns Marktstand', 'Magazinweg 7', 'Frankfurt a.M.', NULL, '60528', 'Alemania'),
(10535, 'ANTON', 4, '2020-05-13 12:15:00.000', '20200610', '20200521', 1, 15.6400, 'Antonio Moreno Taquería', 'Mataderos  2312', 'México D.F.', NULL, '05023', 'Mexico'),
(10536, 'LEHMS', 3, '2020-05-14 16:31:00.000', '20200611', '20200606', 2, 58.8800, 'Lehmanns Marktstand', 'Magazinweg 7', 'Frankfurt a.M.', NULL, '60528', 'Alemania'),
(10537, 'RICSU', 1, '2020-05-14 16:37:00.000', '20200528', '20200519', 1, 78.8500, 'Richter Supermarkt', 'Starenweg 5', 'Genève', NULL, '1204', 'Suiza'),
(10538, 'BSBEV', 9, '2020-05-15 15:43:00.000', '20200612', '20200516', 3, 4.8700, 'B''s Beverages', 'Fauntleroy Circus', 'London', NULL, 'EC2 5NT', 'Reino Unido'),
(10539, 'BSBEV', 6, '2020-05-16 16:29:00.000', '20200613', '20200523', 3, 12.3600, 'B''s Beverages', 'Fauntleroy Circus', 'London', NULL, 'EC2 5NT', 'Reino Unido'),
(10540, 'QUICK', 3, '2020-05-19 14:52:00.000', '20200616', '20200613', 3, 1007.6400, 'QUICK-Stop', 'Taucherstraße 10', 'Cunewalde', NULL, '01307', 'Alemania'),
(10541, 'HANAR', 2, '2020-05-19 12:47:00.000', '20200616', '20200529', 1, 68.6500, 'Hanari Carnes', 'Rua do Paço, 67', 'Rio de Janeiro', 'RJ', '05454-876', 'Brasil'),
(10542, 'KOENE', 1, '2020-05-20 12:48:00.000', '20200617', '20200526', 3, 10.9500, 'Königlich Essen', 'Maubelstr. 90', 'Brandenburg', NULL, '14776', 'Alemania'),
(10543, 'LILAS', 8, '2020-05-21 16:56:00.000', '20200618', '20200523', 2, 48.1700, 'LILA-Supermercado', 'Carrera 52 con Ave. Bolívar #65-98 Llano Largo', 'Barquisimeto', 'Lara', '3508', 'Venezuela'),
(10544, 'LONEP', 4, '2020-05-21 12:23:00.000', '20200618', '20200530', 1, 24.9100, 'Lonesome Pine Restaurant', '89 Chiaroscuro Rd.', 'Portland', 'OR', '97219', 'EE.UU.'),
(10545, 'LAZYK', 8, '2020-05-22 12:14:00.000', '20200619', '20200626', 2, 11.9200, 'Lazy K Kountry Store', '12 Orchestra Terrace', 'Walla Walla', 'WA', '99362', 'EE.UU.'),
(10546, 'VICTE', 1, '2020-05-23 13:35:00.000', '20200620', '20200527', 3, 194.7200, 'Victuailles en stock', '2, rue du Commerce', 'Lyon', NULL, '69004', 'Francia'),
(10547, 'SEVES', 3, '2020-05-23 17:32:00.000', '20200620', '20200602', 2, 178.4300, 'Seven Seas Imports', '90 Wadhurst Rd.', 'London', NULL, 'OX15 4NB', 'Reino Unido'),
(10548, 'TOMSP', 3, '2020-05-26 18:34:00.000', '20200623', '20200602', 2, 1.4300, 'Toms Spezialitäten', 'Luisenstr. 48', 'Münster', NULL, '44087', 'Alemania'),
(10549, 'QUICK', 5, '2020-05-27 15:23:00.000', '20200610', '20200530', 1, 171.2400, 'QUICK-Stop', 'Taucherstraße 10', 'Cunewalde', NULL, '01307', 'Alemania'),
(10550, 'GODOS', 7, '2020-05-28 12:13:00.000', '20200625', '20200606', 3, 4.3200, 'Godos Cocina Típica', 'C/ Romero, 33', 'Sevilla', NULL, '41101', 'España'),
(10551, 'FURIB', 4, '2020-05-28 14:14:00.000', '20200709', '20200606', 3, 72.9500, 'Furia Bacalhau e Frutos do Mar', 'Jardim das rosas n. 32', 'Lisboa', NULL, '1675', 'Portugal'),
(10552, 'HILAA', 2, '2020-05-29 18:32:00.000', '20200626', '20200605', 1, 83.2200, 'HILARION-Abastos', 'Carrera 22 con Ave. Carlos Soublette #8-35', 'San Cristóbal', 'Táchira', '5022', 'Venezuela'),
(10553, 'WARTH', 2, '2020-05-30 18:40:00.000', '20200627', '20200603', 2, 149.4900, 'Wartian Herkku', 'Torikatu 38', 'Oulu', NULL, '90110', 'Finlandia'),
(10554, 'OTTIK', 4, '2020-05-30 15:28:00.000', '20200627', '20200605', 3, 120.9700, 'Ottilies Käseladen', 'Mehrheimerstr. 369', 'Köln', NULL, '50739', 'Alemania'),
(10555, 'SAVEA', 6, '2020-06-02 16:45:00.000', '20200630', '20200604', 3, 252.4900, 'Save-a-lot Markets', '187 Suffolk Ln.', 'Boise', 'ID', '83720', 'EE.UU.'),
(10556, 'SIMOB', 2, '2020-06-03 13:33:00.000', '20200715', '20200613', 1, 9.8000, 'Simons bistro', 'Vinbæltet 34', 'Kobenhavn', NULL, '1734', 'Dinamarca'),
(10557, 'LEHMS', 9, '2020-06-03 13:35:00.000', '20200617', '20200606', 2, 96.7200, 'Lehmanns Marktstand', 'Magazinweg 7', 'Frankfurt a.M.', NULL, '60528', 'Alemania'),
(10558, 'AROUT', 1, '2020-06-04 16:24:00.000', '20200702', '20200610', 2, 72.9700, 'Around the Horn', 'Brook Farm Stratford St. Mary', 'Colchester', 'Essex', 'CO7 6JX', 'Reino Unido'),
(10559, 'BLONP', 6, '2020-06-05 18:40:00.000', '20200703', '20200613', 1, 8.0500, 'Blondel père et fils', '24, place Kléber', 'Strasbourg', NULL, '67000', 'Francia'),
(10560, 'FRANK', 8, '2020-06-06 13:17:00.000', '20200704', '20200609', 1, 36.6500, 'Frankenversand', 'Berliner Platz 43', 'München', NULL, '80805', 'Alemania'),
(10561, 'FOLKO', 2, '2020-06-06 12:48:00.000', '20200704', '20200609', 2, 242.2100, 'Folk och fä HB', 'Åkergatan 24', 'Bräcke', NULL, 'S-844 67', 'Suecia'),
(10562, 'REGGC', 1, '2020-06-09 16:49:00.000', '20200707', '20200612', 1, 22.9500, 'Reggiani Caseifici', 'Strada Provinciale 124', 'Reggio Emilia', NULL, '42100', 'Italia'),
(10563, 'RICAR', 2, '2020-06-10 18:12:00.000', '20200722', '20200624', 2, 60.4300, 'Ricardo Adocicados', 'Av. Copacabana, 267', 'Rio de Janeiro', 'RJ', '02389-890', 'Brasil'),
(10564, 'RATTC', 4, '2020-06-10 15:26:00.000', '20200708', '20200616', 3, 13.7500, 'Rattlesnake Canyon Grocery', '2817 Milton Dr.', 'Albuquerque', 'NM', '87110', 'EE.UU.'),
(10565, 'MEREP', 8, '2020-06-11 18:35:00.000', '20200709', '20200618', 2, 7.1500, 'Mère Paillarde', '43 rue St. Laurent', 'Montréal', 'Québec', 'H1J 1C3', 'Canadá'),
(10566, 'BLONP', 9, '2020-06-12 13:53:00.000', '20200710', '20200618', 1, 88.4000, 'Blondel père et fils', '24, place Kléber', 'Strasbourg', NULL, '67000', 'Francia'),
(10567, 'HUNGO', 1, '2020-06-12 15:17:00.000', '20200710', '20200617', 1, 33.9700, 'Hungry Owl All-Night Grocers', '8 Johnstown Road', 'Cork', 'Co. Cork', NULL, 'Irlanda'),
(10568, 'GALED', 3, '2020-06-13 16:32:00.000', '20200711', '20200709', 3, 6.5400, 'Galería del gastronómo', 'Rambla de Cataluña, 23', 'Barcelona', NULL, '8022', 'España'),
(10569, 'RATTC', 5, '2020-06-16 14:14:00.000', '20200714', '20200711', 1, 58.9800, 'Rattlesnake Canyon Grocery', '2817 Milton Dr.', 'Albuquerque', 'NM', '87110', 'EE.UU.'),
(10570, 'MEREP', 3, '2020-06-17 15:24:00.000', '20200715', '20200619', 3, 188.9900, 'Mère Paillarde', '43 rue St. Laurent', 'Montréal', 'Québec', 'H1J 1C3', 'Canadá'),
(10571, 'ERNSH', 8, '2020-06-17 15:43:00.000', '20200729', '20200704', 3, 26.0600, 'Ernst Handel', 'Kirchgasse 6', 'Graz', NULL, '8010', 'Austria'),
(10572, 'BERGS', 3, '2020-06-18 12:21:00.000', '20200716', '20200625', 2, 116.4300, 'Berglunds snabbköp', 'Berguvsvägen  8', 'Luleå', NULL, 'S-958 22', 'Suecia'),
(10573, 'ANTON', 7, '2020-06-19 18:58:00.000', '20200717', '20200620', 3, 84.8400, 'Antonio Moreno Taquería', 'Mataderos  2312', 'México D.F.', NULL, '05023', 'Mexico'),
(10574, 'TRAIH', 4, '2020-06-19 17:17:00.000', '20200717', '20200630', 2, 37.6000, 'Trail''s Head Gourmet Provisioners', '722 DaVinci Blvd.', 'Kirkland', 'WA', '98034', 'EE.UU.'),
(10575, 'MORGK', 5, '2020-06-20 16:27:00.000', '20200704', '20200630', 1, 127.3400, 'Morgenstern Gesundkost', 'Heerstr. 22', 'Leipzig', NULL, '04179', 'Alemania'),
(10576, 'TORTU', 3, '2020-06-23 16:56:00.000', '20200707', '20200630', 3, 18.5600, 'Tortuga Restaurante', 'Avda. Azteca 123', 'México D.F.', NULL, '05033', 'Mexico'),
(10577, 'TRAIH', 9, '2020-06-23 15:12:00.000', '20200804', '20200630', 2, 25.4100, 'Trail''s Head Gourmet Provisioners', '722 DaVinci Blvd.', 'Kirkland', 'WA', '98034', 'EE.UU.'),
(10578, 'BSBEV', 4, '2020-06-24 17:13:00.000', '20200722', '20200725', 3, 29.6000, 'B''s Beverages', 'Fauntleroy Circus', 'London', NULL, 'EC2 5NT', 'Reino Unido'),
(10579, 'LETSS', 1, '2020-06-25 13:34:00.000', '20200723', '20200704', 2, 13.7300, 'Let''s Stop N Shop', '87 Polk St. Suite 5', 'San Francisco', 'CA', '94117', 'EE.UU.'),
(10580, 'OTTIK', 4, '2020-06-26 12:32:00.000', '20200724', '20200701', 3, 75.8900, 'Ottilies Käseladen', 'Mehrheimerstr. 369', 'Köln', NULL, '50739', 'Alemania'),
(10581, 'FAMIA', 3, '2020-06-26 18:58:00.000', '20200724', '20200702', 1, 3.0100, 'Familia Arquibaldo', 'Rua Orós, 92', 'Sao Paulo', 'SP', '05442-030', 'Brasil'),
(10582, 'BLAUS', 3, '2020-06-27 12:18:00.000', '20200725', '20200714', 2, 27.7100, 'Blauer See Delikatessen', 'Forsterstr. 57', 'Mannheim', NULL, '68306', 'Alemania'),
(10583, 'WARTH', 2, '2020-06-30 16:38:00.000', '20200728', '20200704', 2, 7.2800, 'Wartian Herkku', 'Torikatu 38', 'Oulu', NULL, '90110', 'Finlandia'),
(10584, 'BLONP', 4, '2020-06-30 18:24:00.000', '20200728', '20200704', 1, 59.1400, 'Blondel père et fils', '24, place Kléber', 'Strasbourg', NULL, '67000', 'Francia'),
(10585, 'WELLI', 7, '2020-07-01 14:22:00.000', '20200729', '20200710', 1, 13.4100, 'Wellington Importadora', 'Rua do Mercado, 12', 'Resende', 'SP', '08737-363', 'Brasil'),
(10586, 'REGGC', 9, '2020-07-02 18:42:00.000', '20200730', '20200709', 1, 0.4800, 'Reggiani Caseifici', 'Strada Provinciale 124', 'Reggio Emilia', NULL, '42100', 'Italia'),
(10587, 'QUEDE', 1, '2020-07-02 13:52:00.000', '20200730', '20200709', 1, 62.5200, 'Que Delícia', 'Rua da Panificadora, 12', 'Rio de Janeiro', 'RJ', '02389-673', 'Brasil'),
(10588, 'QUICK', 2, '2020-07-03 14:21:00.000', '20200731', '20200710', 3, 194.6700, 'QUICK-Stop', 'Taucherstraße 10', 'Cunewalde', NULL, '01307', 'Alemania'),
(10589, 'GREAL', 8, '2020-07-04 13:27:00.000', '20200801', '20200714', 2, 4.4200, 'Great Lakes Food Market', '2732 Baker Blvd.', 'Eugene', 'OR', '97403', 'EE.UU.'),
(10590, 'MEREP', 4, '2020-07-07 13:11:00.000', '20200804', '20200714', 3, 44.7700, 'Mère Paillarde', '43 rue St. Laurent', 'Montréal', 'Québec', 'H1J 1C3', 'Canadá'),
(10591, 'VAFFE', 1, '2020-07-07 18:33:00.000', '20200721', '20200716', 1, 55.9200, 'Vaffeljernet', 'Smagsloget 45', 'Århus', NULL, '8200', 'Dinamarca'),
(10592, 'LEHMS', 3, '2020-07-08 18:41:00.000', '20200805', '20200716', 1, 32.1000, 'Lehmanns Marktstand', 'Magazinweg 7', 'Frankfurt a.M.', NULL, '60528', 'Alemania'),
(10593, 'LEHMS', 7, '2020-07-09 18:36:00.000', '20200806', '20200813', 2, 174.2000, 'Lehmanns Marktstand', 'Magazinweg 7', 'Frankfurt a.M.', NULL, '60528', 'Alemania'),
(10594, 'OLDWO', 3, '2020-07-09 12:12:00.000', '20200806', '20200716', 2, 5.2400, 'Old World Delicatessen', '2743 Bering St.', 'Anchorage', 'AK', '99508', 'EE.UU.'),
(10595, 'ERNSH', 2, '2020-07-10 14:12:00.000', '20200807', '20200714', 1, 96.7800, 'Ernst Handel', 'Kirchgasse 6', 'Graz', NULL, '8010', 'Austria'),
(10596, 'WHITC', 8, '2020-07-11 14:18:00.000', '20200808', '20200812', 1, 16.3400, 'White Clover Markets', '1029 - 12th Ave. S.', 'Seattle', 'WA', '98124', 'EE.UU.'),
(10597, 'PICCO', 7, '2020-07-11 15:41:00.000', '20200808', '20200718', 3, 35.1200, 'Piccolo und mehr', 'Geislweg 14', 'Salzburg', NULL, '5020', 'Austria'),
(10598, 'RATTC', 1, '2020-07-14 14:45:00.000', '20200811', '20200718', 3, 44.4200, 'Rattlesnake Canyon Grocery', '2817 Milton Dr.', 'Albuquerque', 'NM', '87110', 'EE.UU.'),
(10599, 'BSBEV', 6, '2020-07-15 18:45:00.000', '20200826', '20200721', 3, 29.9800, 'B''s Beverages', 'Fauntleroy Circus', 'London', NULL, 'EC2 5NT', 'Reino Unido'),
(10600, 'HUNGC', 4, '2020-07-16 17:48:00.000', '20200813', '20200721', 1, 45.1300, 'Hungry Coyote Import Store', 'City Center Plaza 516 Main St.', 'Elgin', 'OR', '97827', 'EE.UU.'),
(10601, 'HILAA', 7, '2020-07-16 13:35:00.000', '20200827', '20200722', 1, 58.3000, 'HILARION-Abastos', 'Carrera 22 con Ave. Carlos Soublette #8-35', 'San Cristóbal', 'Táchira', '5022', 'Venezuela'),
(10602, 'VAFFE', 8, '2020-07-17 13:31:00.000', '20200814', '20200722', 2, 2.9200, 'Vaffeljernet', 'Smagsloget 45', 'Århus', NULL, '8200', 'Dinamarca'),
(10603, 'SAVEA', 8, '2020-07-18 16:21:00.000', '20200815', '20200808', 2, 48.7700, 'Save-a-lot Markets', '187 Suffolk Ln.', 'Boise', 'ID', '83720', 'EE.UU.'),
(10604, 'FURIB', 1, '2020-07-18 16:44:00.000', '20200815', '20200729', 1, 7.4600, 'Furia Bacalhau e Frutos do Mar', 'Jardim das rosas n. 32', 'Lisboa', NULL, '1675', 'Portugal'),
(10605, 'MEREP', 1, '2020-07-21 14:35:00.000', '20200818', '20200729', 2, 379.1300, 'Mère Paillarde', '43 rue St. Laurent', 'Montréal', 'Québec', 'H1J 1C3', 'Canadá'),
(10606, 'TRADH', 4, '2020-07-22 13:39:00.000', '20200819', '20200731', 3, 79.4000, 'Tradiçao Hipermercados', 'Av. Inês de Castro, 414', 'Sao Paulo', 'SP', '05634-030', 'Brasil'),
(10607, 'SAVEA', 5, '2020-07-22 17:17:00.000', '20200819', '20200725', 1, 200.2400, 'Save-a-lot Markets', '187 Suffolk Ln.', 'Boise', 'ID', '83720', 'EE.UU.'),
(10608, 'TOMSP', 4, '2020-07-23 16:44:00.000', '20200820', '20200801', 2, 27.7900, 'Toms Spezialitäten', 'Luisenstr. 48', 'Münster', NULL, '44087', 'Alemania'),
(10609, 'DUMON', 7, '2020-07-24 14:25:00.000', '20200821', '20200730', 2, 1.8500, 'Du monde entier', '67, rue des Cinquante Otages', 'Nantes', NULL, '44000', 'Francia'),
(10610, 'LAMAI', 8, '2020-07-25 12:48:00.000', '20200822', '20200806', 1, 26.7800, 'La maison d''Asie', '1 rue Alsace-Lorraine', 'Toulouse', NULL, '31000', 'Francia'),
(10611, 'WOLZA', 6, '2020-07-25 13:44:00.000', '20200822', '20200801', 2, 80.6500, 'Wolski Zajazd', 'ul. Filtrowa 68', 'Warszawa', NULL, '01-012', 'Polonia'),
(10612, 'SAVEA', 1, '2020-07-28 14:24:00.000', '20200825', '20200801', 2, 544.0800, 'Save-a-lot Markets', '187 Suffolk Ln.', 'Boise', 'ID', '83720', 'EE.UU.'),
(10613, 'HILAA', 4, '2020-07-29 14:24:00.000', '20200826', '20200801', 2, 8.1100, 'HILARION-Abastos', 'Carrera 22 con Ave. Carlos Soublette #8-35', 'San Cristóbal', 'Táchira', '5022', 'Venezuela'),
(10614, 'BLAUS', 8, '2020-07-29 13:30:00.000', '20200826', '20200801', 3, 1.9300, 'Blauer See Delikatessen', 'Forsterstr. 57', 'Mannheim', NULL, '68306', 'Alemania'),
(10615, 'WILMK', 2, '2020-07-30 13:20:00.000', '20200827', '20200806', 3, 0.7500, 'Wilman Kala', 'Keskuskatu 45', 'Helsinki', NULL, '21240', 'Finlandia'),
(10616, 'GREAL', 1, '2020-07-31 16:29:00.000', '20200828', '20200805', 2, 116.5300, 'Great Lakes Food Market', '2732 Baker Blvd.', 'Eugene', 'OR', '97403', 'EE.UU.'),
(10617, 'GREAL', 4, '2020-07-31 14:20:00.000', '20200828', '20200804', 2, 18.5300, 'Great Lakes Food Market', '2732 Baker Blvd.', 'Eugene', 'OR', '97403', 'EE.UU.'),
(10618, 'MEREP', 1, '2020-08-01 16:56:00.000', '20200912', '20200808', 1, 154.6800, 'Mère Paillarde', '43 rue St. Laurent', 'Montréal', 'Québec', 'H1J 1C3', 'Canadá'),
(10619, 'MEREP', 3, '2020-08-04 16:41:00.000', '20200901', '20200807', 3, 91.0500, 'Mère Paillarde', '43 rue St. Laurent', 'Montréal', 'Québec', 'H1J 1C3', 'Canadá'),
(10620, 'LAUGB', 2, '2020-08-05 17:30:00.000', '20200902', '20200814', 3, 0.9400, 'Laughing Bacchus Wine Cellars', '2319 Elm St.', 'Vancouver', 'BC', 'V3F 2K1', 'Canadá'),
(10621, 'ISLAT', 4, '2020-08-05 12:21:00.000', '20200902', '20200811', 2, 23.7300, 'Island Trading', 'Garden House Crowther Way', 'Cowes', 'Isle of Wight', 'PO31 7PJ', 'Reino Unido'),
(10622, 'RICAR', 4, '2020-08-06 12:28:00.000', '20200903', '20200811', 3, 50.9700, 'Ricardo Adocicados', 'Av. Copacabana, 267', 'Rio de Janeiro', 'RJ', '02389-890', 'Brasil'),
(10623, 'FRANK', 8, '2020-08-07 17:40:00.000', '20200904', '20200812', 2, 97.1800, 'Frankenversand', 'Berliner Platz 43', 'München', NULL, '80805', 'Alemania'),
(10624, 'THECR', 4, '2020-08-07 13:11:00.000', '20200904', '20200819', 2, 94.8000, 'The Cracker Box', '55 Grizzly Peak Rd.', 'Butte', 'MT', '59801', 'EE.UU.'),
(10625, 'ANATR', 3, '2020-08-08 18:58:00.000', '20200905', '20200814', 1, 43.9000, 'Ana Trujillo Emparedados y helados', 'Avda. de la Constitución 2222', 'México D.F.', NULL, '05021', 'Mexico'),
(10626, 'BERGS', 1, '2020-08-11 15:37:00.000', '20200908', '20200820', 2, 138.6900, 'Berglunds snabbköp', 'Berguvsvägen  8', 'Luleå', NULL, 'S-958 22', 'Suecia'),
(10627, 'SAVEA', 8, '2020-08-11 17:41:00.000', '20200922', '20200821', 3, 107.4600, 'Save-a-lot Markets', '187 Suffolk Ln.', 'Boise', 'ID', '83720', 'EE.UU.'),
(10628, 'BLONP', 4, '2020-08-12 17:21:00.000', '20200909', '20200820', 3, 30.3600, 'Blondel père et fils', '24, place Kléber', 'Strasbourg', NULL, '67000', 'Francia'),
(10629, 'GODOS', 4, '2020-08-12 13:55:00.000', '20200909', '20200820', 3, 85.4600, 'Godos Cocina Típica', 'C/ Romero, 33', 'Sevilla', NULL, '41101', 'España'),
(10630, 'KOENE', 1, '2020-08-13 14:36:00.000', '20200910', '20200819', 2, 32.3500, 'Königlich Essen', 'Maubelstr. 90', 'Brandenburg', NULL, '14776', 'Alemania'),
(10631, 'LAMAI', 8, '2020-08-14 16:29:00.000', '20200911', '20200815', 1, 0.8700, 'La maison d''Asie', '1 rue Alsace-Lorraine', 'Toulouse', NULL, '31000', 'Francia'),
(10632, 'WANDK', 8, '2020-08-14 13:48:00.000', '20200911', '20200819', 1, 41.3800, 'Die Wandernde Kuh', 'Adenauerallee 900', 'Stuttgart', NULL, '70563', 'Alemania'),
(10633, 'ERNSH', 7, '2020-08-15 18:20:00.000', '20200912', '20200818', 3, 477.9000, 'Ernst Handel', 'Kirchgasse 6', 'Graz', NULL, '8010', 'Austria'),
(10634, 'FOLIG', 4, '2020-08-15 17:45:00.000', '20200912', '20200821', 3, 487.3800, 'Folies gourmandes', '184, chaussée de Tournai', 'Lille', NULL, '59000', 'Francia'),
(10635, 'MAGAA', 8, '2020-08-18 14:31:00.000', '20200915', '20200821', 3, 47.4600, 'Magazzini Alimentari Riuniti', 'Via Ludovico il Moro 22', 'Bergamo', NULL, '24100', 'Italia'),
(10636, 'WARTH', 4, '2020-08-19 17:47:00.000', '20200916', '20200826', 1, 1.1500, 'Wartian Herkku', 'Torikatu 38', 'Oulu', NULL, '90110', 'Finlandia'),
(10637, 'QUEEN', 6, '2020-08-19 16:19:00.000', '20200916', '20200826', 1, 201.2900, 'Queen Cozinha', 'Alameda dos Canàrios, 891', 'Sao Paulo', 'SP', '05487-020', 'Brasil'),
(10638, 'LINOD', 3, '2020-08-20 13:41:00.000', '20200917', '20200901', 1, 158.4400, 'LINO-Delicateses', 'Ave. 5 de Mayo Porlamar', 'I. de Margarita', 'Nueva Esparta', '4980', 'Venezuela'),
(10639, 'SANTG', 7, '2020-08-20 17:59:00.000', '20200917', '20200827', 3, 38.6400, 'Santé Gourmet', 'Erling Skakkes gate 78', 'Stavern', NULL, '4110', 'Noruega'),
(10640, 'WANDK', 4, '2020-08-21 13:23:00.000', '20200918', '20200828', 1, 23.5500, 'Die Wandernde Kuh', 'Adenauerallee 900', 'Stuttgart', NULL, '70563', 'Alemania'),
(10641, 'HILAA', 4, '2020-08-22 15:31:00.000', '20200919', '20200826', 2, 179.6100, 'HILARION-Abastos', 'Carrera 22 con Ave. Carlos Soublette #8-35', 'San Cristóbal', 'Táchira', '5022', 'Venezuela'),
(10642, 'SIMOB', 7, '2020-08-22 18:59:00.000', '20200919', '20200905', 3, 41.8900, 'Simons bistro', 'Vinbæltet 34', 'Kobenhavn', NULL, '1734', 'Dinamarca'),
(10643, 'ALFKI', 6, '2020-08-25 15:50:00.000', '20200922', '20200902', 1, 29.4600, 'Alfreds Futterkiste', 'Obere Str. 57', 'Berlin', NULL, '12209', 'Alemania'),
(10644, 'WELLI', 3, '2020-08-25 16:27:00.000', '20200922', '20200901', 2, 0.1400, 'Wellington Importadora', 'Rua do Mercado, 12', 'Resende', 'SP', '08737-363', 'Brasil'),
(10645, 'HANAR', 4, '2020-08-26 14:27:00.000', '20200923', '20200902', 1, 12.4100, 'Hanari Carnes', 'Rua do Paço, 67', 'Rio de Janeiro', 'RJ', '05454-876', 'Brasil'),
(10646, 'HUNGO', 9, '2020-08-27 15:17:00.000', '20201008', '20200903', 3, 142.3300, 'Hungry Owl All-Night Grocers', '8 Johnstown Road', 'Cork', 'Co. Cork', NULL, 'Irlanda'),
(10647, 'QUEDE', 4, '2020-08-27 13:51:00.000', '20200910', '20200903', 2, 45.5400, 'Que Delícia', 'Rua da Panificadora, 12', 'Rio de Janeiro', 'RJ', '02389-673', 'Brasil'),
(10648, 'RICAR', 5, '2020-08-28 16:28:00.000', '20201009', '20200909', 2, 14.2500, 'Ricardo Adocicados', 'Av. Copacabana, 267', 'Rio de Janeiro', 'RJ', '02389-890', 'Brasil'),
(10649, 'MAISD', 5, '2020-08-28 18:52:00.000', '20200925', '20200829', 3, 6.2000, 'Maison Dewey', 'Rue Joseph-Bens 532', 'Bruxelles', NULL, 'B-1180', 'Bélgica'),
(10650, 'FAMIA', 5, '2020-08-29 18:34:00.000', '20200926', '20200903', 3, 176.8100, 'Familia Arquibaldo', 'Rua Orós, 92', 'Sao Paulo', 'SP', '05442-030', 'Brasil'),
(10651, 'WANDK', 8, '2020-09-01 15:20:00.000', '20200929', '20200911', 2, 20.6000, 'Die Wandernde Kuh', 'Adenauerallee 900', 'Stuttgart', NULL, '70563', 'Alemania'),
(10652, 'GOURL', 4, '2020-09-01 15:16:00.000', '20200929', '20200908', 2, 7.1400, 'Gourmet Lanchonetes', 'Av. Brasil, 442', 'Campinas', 'SP', '04876-786', 'Brasil'),
(10653, 'FRANK', 1, '2020-09-02 14:11:00.000', '20200930', '20200919', 1, 93.2500, 'Frankenversand', 'Berliner Platz 43', 'München', NULL, '80805', 'Alemania'),
(10654, 'BERGS', 5, '2020-09-02 15:50:00.000', '20200930', '20200911', 1, 55.2600, 'Berglunds snabbköp', 'Berguvsvägen  8', 'Luleå', NULL, 'S-958 22', 'Suecia'),
(10655, 'REGGC', 1, '2020-09-03 12:46:00.000', '20201001', '20200911', 2, 4.4100, 'Reggiani Caseifici', 'Strada Provinciale 124', 'Reggio Emilia', NULL, '42100', 'Italia'),
(10656, 'GREAL', 6, '2020-09-04 12:47:00.000', '20201002', '20200910', 1, 57.1500, 'Great Lakes Food Market', '2732 Baker Blvd.', 'Eugene', 'OR', '97403', 'EE.UU.'),
(10657, 'SAVEA', 2, '2020-09-04 13:12:00.000', '20201002', '20200915', 2, 352.6900, 'Save-a-lot Markets', '187 Suffolk Ln.', 'Boise', 'ID', '83720', 'EE.UU.'),
(10658, 'QUICK', 4, '2020-09-05 15:22:00.000', '20201003', '20200908', 1, 364.1500, 'QUICK-Stop', 'Taucherstraße 10', 'Cunewalde', NULL, '01307', 'Alemania'),
(10659, 'QUEEN', 7, '2020-09-05 12:42:00.000', '20201003', '20200910', 2, 105.8100, 'Queen Cozinha', 'Alameda dos Canàrios, 891', 'Sao Paulo', 'SP', '05487-020', 'Brasil'),
(10660, 'HUNGC', 8, '2020-09-08 15:37:00.000', '20201006', '20201015', 1, 111.2900, 'Hungry Coyote Import Store', 'City Center Plaza 516 Main St.', 'Elgin', 'OR', '97827', 'EE.UU.'),
(10661, 'HUNGO', 7, '2020-09-09 18:30:00.000', '20201007', '20200915', 3, 17.5500, 'Hungry Owl All-Night Grocers', '8 Johnstown Road', 'Cork', 'Co. Cork', NULL, 'Irlanda'),
(10662, 'LONEP', 3, '2020-09-09 13:58:00.000', '20201007', '20200918', 2, 1.2800, 'Lonesome Pine Restaurant', '89 Chiaroscuro Rd.', 'Portland', 'OR', '97219', 'EE.UU.'),
(10663, 'BONAP', 2, '2020-09-10 18:35:00.000', '20200924', '20201003', 2, 113.1500, 'Bon app''', '12, rue des Bouchers', 'Marseille', NULL, '13008', 'Francia'),
(10664, 'FURIB', 1, '2020-09-10 14:53:00.000', '20201008', '20200919', 3, 1.2700, 'Furia Bacalhau e Frutos do Mar', 'Jardim das rosas n. 32', 'Lisboa', NULL, '1675', 'Portugal'),
(10665, 'LONEP', 1, '2020-09-11 12:39:00.000', '20201009', '20200917', 2, 26.3100, 'Lonesome Pine Restaurant', '89 Chiaroscuro Rd.', 'Portland', 'OR', '97219', 'EE.UU.'),
(10666, 'RICSU', 7, '2020-09-12 15:44:00.000', '20201010', '20200922', 2, 232.4200, 'Richter Supermarkt', 'Starenweg 5', 'Genève', NULL, '1204', 'Suiza'),
(10667, 'ERNSH', 7, '2020-09-12 14:58:00.000', '20201010', '20200919', 1, 78.0900, 'Ernst Handel', 'Kirchgasse 6', 'Graz', NULL, '8010', 'Austria'),
(10668, 'WANDK', 1, '2020-09-15 13:57:00.000', '20201013', '20200923', 2, 47.2200, 'Die Wandernde Kuh', 'Adenauerallee 900', 'Stuttgart', NULL, '70563', 'Alemania'),
(10669, 'SIMOB', 2, '2020-09-15 16:58:00.000', '20201013', '20200922', 1, 24.3900, 'Simons bistro', 'Vinbæltet 34', 'Kobenhavn', NULL, '1734', 'Dinamarca'),
(10670, 'FRANK', 4, '2020-09-16 14:11:00.000', '20201014', '20200918', 1, 203.4800, 'Frankenversand', 'Berliner Platz 43', 'München', NULL, '80805', 'Alemania'),
(10671, 'FRANR', 1, '2020-09-17 13:19:00.000', '20201015', '20200924', 1, 30.3400, 'Francia restauration', '54, rue Royale', 'Nantes', NULL, '44000', 'Francia'),
(10672, 'BERGS', 9, '2020-09-17 12:12:00.000', '20201001', '20200926', 2, 95.7500, 'Berglunds snabbköp', 'Berguvsvägen  8', 'Luleå', NULL, 'S-958 22', 'Suecia'),
(10673, 'WILMK', 2, '2020-09-18 14:34:00.000', '20201016', '20200919', 1, 22.7600, 'Wilman Kala', 'Keskuskatu 45', 'Helsinki', NULL, '21240', 'Finlandia'),
(10674, 'ISLAT', 4, '2020-09-18 16:21:00.000', '20201016', '20200930', 2, 0.9000, 'Island Trading', 'Garden House Crowther Way', 'Cowes', 'Isle of Wight', 'PO31 7PJ', 'Reino Unido'),
(10675, 'FRANK', 5, '2020-09-19 18:26:00.000', '20201017', '20200923', 2, 31.8500, 'Frankenversand', 'Berliner Platz 43', 'München', NULL, '80805', 'Alemania'),
(10676, 'TORTU', 2, '2020-09-22 13:21:00.000', '20201020', '20200929', 2, 2.0100, 'Tortuga Restaurante', 'Avda. Azteca 123', 'México D.F.', NULL, '05033', 'Mexico'),
(10677, 'ANTON', 1, '2020-09-22 16:47:00.000', '20201020', '20200926', 3, 4.0300, 'Antonio Moreno Taquería', 'Mataderos  2312', 'México D.F.', NULL, '05023', 'Mexico'),
(10678, 'SAVEA', 7, '2020-09-23 14:34:00.000', '20201021', '20201016', 3, 388.9800, 'Save-a-lot Markets', '187 Suffolk Ln.', 'Boise', 'ID', '83720', 'EE.UU.'),
(10679, 'BLONP', 8, '2020-09-23 15:10:00.000', '20201021', '20200930', 3, 27.9400, 'Blondel père et fils', '24, place Kléber', 'Strasbourg', NULL, '67000', 'Francia'),
(10680, 'OLDWO', 1, '2020-09-24 12:56:00.000', '20201022', '20200926', 1, 26.6100, 'Old World Delicatessen', '2743 Bering St.', 'Anchorage', 'AK', '99508', 'EE.UU.'),
(10681, 'GREAL', 3, '2020-09-25 18:56:00.000', '20201023', '20200930', 3, 76.1300, 'Great Lakes Food Market', '2732 Baker Blvd.', 'Eugene', 'OR', '97403', 'EE.UU.'),
(10682, 'ANTON', 3, '2020-09-25 12:45:00.000', '20201023', '20201001', 2, 36.1300, 'Antonio Moreno Taquería', 'Mataderos  2312', 'México D.F.', NULL, '05023', 'Mexico'),
(10683, 'DUMON', 2, '2020-09-26 14:20:00.000', '20201024', '20201001', 1, 4.4000, 'Du monde entier', '67, rue des Cinquante Otages', 'Nantes', NULL, '44000', 'Francia'),
(10684, 'OTTIK', 3, '2020-09-26 18:18:00.000', '20201024', '20200930', 1, 145.6300, 'Ottilies Käseladen', 'Mehrheimerstr. 369', 'Köln', NULL, '50739', 'Alemania'),
(10685, 'GOURL', 4, '2020-09-29 16:48:00.000', '20201013', '20201003', 2, 33.7500, 'Gourmet Lanchonetes', 'Av. Brasil, 442', 'Campinas', 'SP', '04876-786', 'Brasil'),
(10686, 'PICCO', 2, '2020-09-30 16:28:00.000', '20201028', '20201008', 1, 96.5000, 'Piccolo und mehr', 'Geislweg 14', 'Salzburg', NULL, '5020', 'Austria'),
(10687, 'HUNGO', 9, '2020-09-30 16:46:00.000', '20201028', '20201030', 2, 296.4300, 'Hungry Owl All-Night Grocers', '8 Johnstown Road', 'Cork', 'Co. Cork', NULL, 'Irlanda'),
(10688, 'VAFFE', 4, '2020-10-01 18:31:00.000', '20201015', '20201007', 2, 299.0900, 'Vaffeljernet', 'Smagsloget 45', 'Århus', NULL, '8200', 'Dinamarca'),
(10689, 'BERGS', 1, '2020-10-01 17:25:00.000', '20201029', '20201007', 2, 13.4200, 'Berglunds snabbköp', 'Berguvsvägen  8', 'Luleå', NULL, 'S-958 22', 'Suecia'),
(10690, 'HANAR', 1, '2020-10-02 12:15:00.000', '20201030', '20201003', 1, 15.8000, 'Hanari Carnes', 'Rua do Paço, 67', 'Rio de Janeiro', 'RJ', '05454-876', 'Brasil'),
(10691, 'QUICK', 2, '2020-10-03 14:20:00.000', '20201114', '20201022', 2, 810.0500, 'QUICK-Stop', 'Taucherstraße 10', 'Cunewalde', NULL, '01307', 'Alemania'),
(10692, 'ALFKI', 4, '2020-10-03 16:43:00.000', '20201031', '20201013', 2, 61.0200, 'Alfred''s Futterkiste', 'Obere Str. 57', 'Berlin', NULL, '12209', 'Alemania'),
(10693, 'WHITC', 3, '2020-10-06 18:21:00.000', '20201020', '20201010', 3, 139.3400, 'White Clover Markets', '1029 - 12th Ave. S.', 'Seattle', 'WA', '98124', 'EE.UU.'),
(10694, 'QUICK', 8, '2020-10-06 14:35:00.000', '20201103', '20201009', 3, 398.3600, 'QUICK-Stop', 'Taucherstraße 10', 'Cunewalde', NULL, '01307', 'Alemania'),
(10695, 'WILMK', 7, '2020-10-07 15:25:00.000', '20201118', '20201014', 1, 16.7200, 'Wilman Kala', 'Keskuskatu 45', 'Helsinki', NULL, '21240', 'Finlandia'),
(10696, 'WHITC', 8, '2020-10-08 13:14:00.000', '20201119', '20201014', 3, 102.5500, 'White Clover Markets', '1029 - 12th Ave. S.', 'Seattle', 'WA', '98124', 'EE.UU.'),
(10697, 'LINOD', 3, '2020-10-08 14:53:00.000', '20201105', '20201014', 1, 45.5200, 'LINO-Delicateses', 'Ave. 5 de Mayo Porlamar', 'I. de Margarita', 'Nueva Esparta', '4980', 'Venezuela'),
(10698, 'ERNSH', 4, '2020-10-09 15:41:00.000', '20201106', '20201017', 1, 272.4700, 'Ernst Handel', 'Kirchgasse 6', 'Graz', NULL, '8010', 'Austria'),
(10699, 'MORGK', 3, '2020-10-09 12:40:00.000', '20201106', '20201013', 3, 0.5800, 'Morgenstern Gesundkost', 'Heerstr. 22', 'Leipzig', NULL, '04179', 'Alemania'),
(10700, 'SAVEA', 3, '2020-10-10 13:12:00.000', '20201107', '20201016', 1, 65.1000, 'Save-a-lot Markets', '187 Suffolk Ln.', 'Boise', 'ID', '83720', 'EE.UU.'),
(10701, 'HUNGO', 6, '2020-10-13 13:36:00.000', '20201027', '20201015', 3, 220.3100, 'Hungry Owl All-Night Grocers', '8 Johnstown Road', 'Cork', 'Co. Cork', NULL, 'Irlanda'),
(10702, 'ALFKI', 4, '2020-10-13 12:37:00.000', '20201124', '20201021', 1, 23.9400, 'Alfred''s Futterkiste', 'Obere Str. 57', 'Berlin', NULL, '12209', 'Alemania'),
(10703, 'FOLKO', 6, '2020-10-14 15:13:00.000', '20201111', '20201020', 2, 152.3000, 'Folk och fä HB', 'Åkergatan 24', 'Bräcke', NULL, 'S-844 67', 'Suecia'),
(10704, 'QUEEN', 6, '2020-10-14 13:11:00.000', '20201111', '20201107', 1, 4.7800, 'Queen Cozinha', 'Alameda dos Canàrios, 891', 'Sao Paulo', 'SP', '05487-020', 'Brasil'),
(10705, 'HILAA', 9, '2020-10-15 13:27:00.000', '20201112', '20201118', 2, 3.5200, 'HILARION-Abastos', 'Carrera 22 con Ave. Carlos Soublette #8-35', 'San Cristóbal', 'Táchira', '5022', 'Venezuela'),
(10706, 'OLDWO', 8, '2020-10-16 15:32:00.000', '20201113', '20201021', 3, 135.6300, 'Old World Delicatessen', '2743 Bering St.', 'Anchorage', 'AK', '99508', 'EE.UU.'),
(10707, 'AROUT', 4, '2020-10-16 17:30:00.000', '20201030', '20201023', 3, 21.7400, 'Around the Horn', 'Brook Farm Stratford St. Mary', 'Colchester', 'Essex', 'CO7 6JX', 'Reino Unido'),
(10708, 'THEBI', 6, '2020-10-17 14:53:00.000', '20201128', '20201105', 2, 2.9600, 'The Big Cheese', '89 Jefferson Way Suite 2', 'Portland', 'OR', '97201', 'EE.UU.'),
(10709, 'GOURL', 1, '2020-10-17 12:57:00.000', '20201114', '20201120', 3, 210.8000, 'Gourmet Lanchonetes', 'Av. Brasil, 442', 'Campinas', 'SP', '04876-786', 'Brasil'),
(10710, 'FRANS', 1, '2020-10-20 15:50:00.000', '20201117', '20201023', 1, 4.9800, 'Franchi S.p.A.', 'Via Monte Bianco 34', 'Torino', NULL, '10100', 'Italia'),
(10711, 'SAVEA', 5, '2020-10-21 18:30:00.000', '20201202', '20201029', 2, 52.4100, 'Save-a-lot Markets', '187 Suffolk Ln.', 'Boise', 'ID', '83720', 'EE.UU.'),
(10712, 'HUNGO', 3, '2020-10-21 18:19:00.000', '20201118', '20201031', 1, 89.9300, 'Hungry Owl All-Night Grocers', '8 Johnstown Road', 'Cork', 'Co. Cork', NULL, 'Irlanda'),
(10713, 'SAVEA', 1, '2020-10-22 14:50:00.000', '20201119', '20201024', 1, 167.0500, 'Save-a-lot Markets', '187 Suffolk Ln.', 'Boise', 'ID', '83720', 'EE.UU.'),
(10714, 'SAVEA', 5, '2020-10-22 14:16:00.000', '20201119', '20201027', 3, 24.4900, 'Save-a-lot Markets', '187 Suffolk Ln.', 'Boise', 'ID', '83720', 'EE.UU.'),
(10715, 'BONAP', 3, '2020-10-23 16:51:00.000', '20201106', '20201029', 1, 63.2000, 'Bon app''', '12, rue des Bouchers', 'Marseille', NULL, '13008', 'Francia'),
(10716, 'RANCH', 4, '2020-10-24 15:15:00.000', '20201121', '20201027', 2, 22.5700, 'Rancho grande', 'Av. del Libertador 900', 'Buenos Aires', NULL, '1010', 'Argentina'),
(10717, 'FRANK', 1, '2020-10-24 13:25:00.000', '20201121', '20201029', 2, 59.2500, 'Frankenversand', 'Berliner Platz 43', 'München', NULL, '80805', 'Alemania'),
(10718, 'KOENE', 1, '2020-10-27 12:13:00.000', '20201124', '20201029', 3, 170.8800, 'Königlich Essen', 'Maubelstr. 90', 'Brandenburg', NULL, '14776', 'Alemania'),
(10719, 'LETSS', 8, '2020-10-27 12:14:00.000', '20201124', '20201105', 2, 51.4400, 'Let''s Stop N Shop', '87 Polk St. Suite 5', 'San Francisco', 'CA', '94117', 'EE.UU.'),
(10720, 'QUEDE', 8, '2020-10-28 16:48:00.000', '20201111', '20201105', 2, 9.5300, 'Que Delícia', 'Rua da Panificadora, 12', 'Rio de Janeiro', 'RJ', '02389-673', 'Brasil'),
(10721, 'QUICK', 5, '2020-10-29 17:59:00.000', '20201126', '20201031', 3, 48.9200, 'QUICK-Stop', 'Taucherstraße 10', 'Cunewalde', NULL, '01307', 'Alemania'),
(10722, 'SAVEA', 8, '2020-10-29 16:23:00.000', '20201210', '20201104', 1, 74.5800, 'Save-a-lot Markets', '187 Suffolk Ln.', 'Boise', 'ID', '83720', 'EE.UU.'),
(10723, 'WHITC', 3, '2020-10-30 16:17:00.000', '20201127', '20201125', 1, 21.7200, 'White Clover Markets', '1029 - 12th Ave. S.', 'Seattle', 'WA', '98124', 'EE.UU.'),
(10724, 'MEREP', 8, '2020-10-30 14:17:00.000', '20201211', '20201105', 2, 57.7500, 'Mère Paillarde', '43 rue St. Laurent', 'Montréal', 'Québec', 'H1J 1C3', 'Canadá'),
(10725, 'FAMIA', 4, '2020-10-31 14:24:00.000', '20201128', '20201105', 3, 10.8300, 'Familia Arquibaldo', 'Rua Orós, 92', 'Sao Paulo', 'SP', '05442-030', 'Brasil'),
(10726, 'EASTC', 4, '2020-11-03 12:10:00.000', '20201117', '20201205', 1, 16.5600, 'Eastern Connection', '35 King George', 'London', NULL, 'WX3 6FW', 'Reino Unido'),
(10727, 'REGGC', 2, '2020-11-03 16:33:00.000', '20201201', '20201205', 1, 89.9000, 'Reggiani Caseifici', 'Strada Provinciale 124', 'Reggio Emilia', NULL, '42100', 'Italia'),
(10728, 'QUEEN', 4, '2020-11-04 15:35:00.000', '20201202', '20201111', 2, 58.3300, 'Queen Cozinha', 'Alameda dos Canàrios, 891', 'Sao Paulo', 'SP', '05487-020', 'Brasil'),
(10729, 'LINOD', 8, '2020-11-04 18:21:00.000', '20201216', '20201114', 3, 141.0600, 'LINO-Delicateses', 'Ave. 5 de Mayo Porlamar', 'I. de Margarita', 'Nueva Esparta', '4980', 'Venezuela'),
(10730, 'BONAP', 5, '2020-11-05 16:30:00.000', '20201203', '20201114', 1, 20.1200, 'Bon app''', '12, rue des Bouchers', 'Marseille', NULL, '13008', 'Francia'),
(10731, 'CHOPS', 7, '2020-11-06 13:40:00.000', '20201204', '20201114', 1, 96.6500, 'Chop-suey Chinese', 'Hauptstr. 31', 'Bern', NULL, '3012', 'Suiza'),
(10732, 'BONAP', 3, '2020-11-06 18:49:00.000', '20201204', '20201107', 1, 16.9700, 'Bon app''', '12, rue des Bouchers', 'Marseille', NULL, '13008', 'Francia'),
(10733, 'BERGS', 1, '2020-11-07 14:39:00.000', '20201205', '20201110', 3, 110.1100, 'Berglunds snabbköp', 'Berguvsvägen  8', 'Luleå', NULL, 'S-958 22', 'Suecia'),
(10734, 'GOURL', 2, '2020-11-07 18:12:00.000', '20201205', '20201112', 3, 1.6300, 'Gourmet Lanchonetes', 'Av. Brasil, 442', 'Campinas', 'SP', '04876-786', 'Brasil'),
(10735, 'LETSS', 6, '2020-11-10 17:21:00.000', '20201208', '20201121', 2, 45.9700, 'Let''s Stop N Shop', '87 Polk St. Suite 5', 'San Francisco', 'CA', '94117', 'EE.UU.'),
(10736, 'HUNGO', 9, '2020-11-11 16:22:00.000', '20201209', '20201121', 2, 44.1000, 'Hungry Owl All-Night Grocers', '8 Johnstown Road', 'Cork', 'Co. Cork', NULL, 'Irlanda'),
(10737, 'VINET', 2, '2020-11-11 17:45:00.000', '20201209', '20201118', 2, 7.7900, 'Vins et alcools Chevalier', '59 rue de l''Abbaye', 'Reims', NULL, '51100', 'Francia'),
(10738, 'SPECD', 2, '2020-11-12 13:13:00.000', '20201210', '20201118', 1, 2.9100, 'Spécialités du monde', '25, rue Lauriston', 'Paris', NULL, '75016', 'Francia'),
(10739, 'VINET', 3, '2020-11-12 14:50:00.000', '20201210', '20201117', 3, 11.0800, 'Vins et alcools Chevalier', '59 rue de l''Abbaye', 'Reims', NULL, '51100', 'Francia'),
(10740, 'WHITC', 4, '2020-11-13 14:53:00.000', '20201211', '20201125', 2, 81.8800, 'White Clover Markets', '1029 - 12th Ave. S.', 'Seattle', 'WA', '98124', 'EE.UU.'),
(10741, 'AROUT', 4, '2020-11-14 15:16:00.000', '20201128', '20201118', 3, 10.9600, 'Around the Horn', 'Brook Farm Stratford St. Mary', 'Colchester', 'Essex', 'CO7 6JX', 'Reino Unido'),
(10742, 'BOTTM', 3, '2020-11-14 17:46:00.000', '20201212', '20201118', 3, 243.7300, 'Bottom-Dollar Markets', '23 Tsawassen Blvd.', 'Tsawassen', 'BC', 'T2F 8M4', 'Canadá'),
(10743, 'AROUT', 1, '2020-11-17 15:22:00.000', '20201215', '20201121', 2, 23.7200, 'Around the Horn', 'Brook Farm Stratford St. Mary', 'Colchester', 'Essex', 'CO7 6JX', 'Reino Unido'),
(10744, 'VAFFE', 6, '2020-11-17 16:45:00.000', '20201215', '20201124', 1, 69.1900, 'Vaffeljernet', 'Smagsloget 45', 'Århus', NULL, '8200', 'Dinamarca'),
(10745, 'QUICK', 9, '2020-11-18 18:23:00.000', '20201216', '20201127', 1, 3.5200, 'QUICK-Stop', 'Taucherstraße 10', 'Cunewalde', NULL, '01307', 'Alemania'),
(10746, 'CHOPS', 1, '2020-11-19 14:45:00.000', '20201217', '20201121', 3, 31.4300, 'Chop-suey Chinese', 'Hauptstr. 31', 'Bern', NULL, '3012', 'Suiza'),
(10747, 'PICCO', 6, '2020-11-19 14:28:00.000', '20201217', '20201126', 1, 117.3300, 'Piccolo und mehr', 'Geislweg 14', 'Salzburg', NULL, '5020', 'Austria'),
(10748, 'SAVEA', 3, '2020-11-20 12:40:00.000', '20201218', '20201128', 1, 232.5500, 'Save-a-lot Markets', '187 Suffolk Ln.', 'Boise', 'ID', '83720', 'EE.UU.'),
(10749, 'ISLAT', 4, '2020-11-20 14:28:00.000', '20201218', '20201219', 2, 61.5300, 'Island Trading', 'Garden House Crowther Way', 'Cowes', 'Isle of Wight', 'PO31 7PJ', 'Reino Unido'),
(10750, 'WARTH', 9, '2020-11-21 15:47:00.000', '20201219', '20201124', 1, 79.3000, 'Wartian Herkku', 'Torikatu 38', 'Oulu', NULL, '90110', 'Finlandia'),
(10751, 'RICSU', 3, '2020-11-24 13:27:00.000', '20201222', '20201203', 3, 130.7900, 'Richter Supermarkt', 'Starenweg 5', 'Genève', NULL, '1204', 'Suiza'),
(10752, 'NORTS', 2, '2020-11-24 14:54:00.000', '20201222', '20201128', 3, 1.3900, 'North/South', 'South House 300 Queensbridge', 'London', NULL, 'SW7 1RZ', 'Reino Unido'),
(10753, 'FRANS', 3, '2020-11-25 14:15:00.000', '20201223', '20201127', 1, 7.7000, 'Franchi S.p.A.', 'Via Monte Bianco 34', 'Torino', NULL, '10100', 'Italia'),
(10754, 'MAGAA', 6, '2020-11-25 15:17:00.000', '20201223', '20201127', 3, 2.3800, 'Magazzini Alimentari Riuniti', 'Via Ludovico il Moro 22', 'Bergamo', NULL, '24100', 'Italia'),
(10755, 'BONAP', 4, '2020-11-26 16:52:00.000', '20201224', '20201128', 2, 16.7100, 'Bon app''', '12, rue des Bouchers', 'Marseille', NULL, '13008', 'Francia'),
(10756, 'SPLIR', 8, '2020-11-27 12:33:00.000', '20201225', '20201202', 2, 73.2100, 'Split Rail Beer & Ale', 'P.O. Box 555', 'Lander', 'WY', '82520', 'EE.UU.'),
(10757, 'SAVEA', 6, '2020-11-27 18:33:00.000', '20201225', '20201215', 1, 8.1900, 'Save-a-lot Markets', '187 Suffolk Ln.', 'Boise', 'ID', '83720', 'EE.UU.'),
(10758, 'RICSU', 3, '2020-11-28 13:14:00.000', '20201226', '20201204', 3, 138.1700, 'Richter Supermarkt', 'Starenweg 5', 'Genève', NULL, '1204', 'Suiza'),
(10759, 'ANATR', 3, '2020-11-28 18:17:00.000', '20201226', '20201212', 3, 11.9900, 'Ana Trujillo Emparedados y helados', 'Avda. de la Constitución 2222', 'México D.F.', NULL, '05021', 'Mexico'),
(10760, 'MAISD', 4, '2020-12-01 18:48:00.000', '20201229', '20201210', 1, 155.6400, 'Maison Dewey', 'Rue Joseph-Bens 532', 'Bruxelles', NULL, 'B-1180', 'Bélgica'),
(10761, 'RATTC', 5, '2020-12-02 17:32:00.000', '20201230', '20201208', 2, 18.6600, 'Rattlesnake Canyon Grocery', '2817 Milton Dr.', 'Albuquerque', 'NM', '87110', 'EE.UU.'),
(10762, 'FOLKO', 3, '2020-12-02 14:23:00.000', '20201230', '20201209', 1, 328.7400, 'Folk och fä HB', 'Åkergatan 24', 'Bräcke', NULL, 'S-844 67', 'Suecia'),
(10763, 'FOLIG', 3, '2020-12-03 12:22:00.000', '20201231', '20201208', 3, 37.3500, 'Folies gourmandes', '184, chaussée de Tournai', 'Lille', NULL, '59000', 'Francia'),
(10764, 'ERNSH', 6, '2020-12-03 16:20:00.000', '20201231', '20201208', 3, 145.4500, 'Ernst Handel', 'Kirchgasse 6', 'Graz', NULL, '8010', 'Austria'),
(10765, 'QUICK', 3, '2020-12-04 16:43:00.000', '20210101', '20201209', 3, 42.7400, 'QUICK-Stop', 'Taucherstraße 10', 'Cunewalde', NULL, '01307', 'Alemania'),
(10766, 'OTTIK', 4, '2020-12-05 17:34:00.000', '20210102', '20201209', 1, 157.5500, 'Ottilies Käseladen', 'Mehrheimerstr. 369', 'Köln', NULL, '50739', 'Alemania'),
(10767, 'SUPRD', 4, '2020-12-05 15:41:00.000', '20210102', '20201215', 3, 1.5900, 'Suprêmes délices', 'Boulevard Tirou, 255', 'Charleroi', NULL, 'B-6000', 'Bélgica'),
(10768, 'AROUT', 3, '2020-12-08 15:36:00.000', '20210105', '20201215', 2, 146.3200, 'Around the Horn', 'Brook Farm Stratford St. Mary', 'Colchester', 'Essex', 'CO7 6JX', 'Reino Unido'),
(10769, 'VAFFE', 3, '2020-12-08 13:23:00.000', '20210105', '20201212', 1, 65.0600, 'Vaffeljernet', 'Smagsloget 45', 'Århus', NULL, '8200', 'Dinamarca'),
(10770, 'HANAR', 8, '2020-12-09 17:11:00.000', '20210106', '20201217', 3, 5.3200, 'Hanari Carnes', 'Rua do Paço, 67', 'Rio de Janeiro', 'RJ', '05454-876', 'Brasil'),
(10771, 'ERNSH', 9, '2020-12-10 14:57:00.000', '20210107', '20210102', 2, 11.1900, 'Ernst Handel', 'Kirchgasse 6', 'Graz', NULL, '8010', 'Austria'),
(10772, 'LEHMS', 3, '2020-12-10 12:14:00.000', '20210107', '20201219', 2, 91.2800, 'Lehmanns Marktstand', 'Magazinweg 7', 'Frankfurt a.M.', NULL, '60528', 'Alemania'),
(10773, 'ERNSH', 1, '2020-12-11 18:13:00.000', '20210108', '20201216', 3, 96.4300, 'Ernst Handel', 'Kirchgasse 6', 'Graz', NULL, '8010', 'Austria'),
(10774, 'FOLKO', 4, '2020-12-11 17:10:00.000', '20201225', '20201212', 1, 48.2000, 'Folk och fä HB', 'Åkergatan 24', 'Bräcke', NULL, 'S-844 67', 'Suecia'),
(10775, 'THECR', 7, '2020-12-12 13:28:00.000', '20210109', '20201226', 1, 20.2500, 'The Cracker Box', '55 Grizzly Peak Rd.', 'Butte', 'MT', '59801', 'EE.UU.'),
(10776, 'ERNSH', 1, '2020-12-15 15:29:00.000', '20210112', '20201218', 3, 351.5300, 'Ernst Handel', 'Kirchgasse 6', 'Graz', NULL, '8010', 'Austria'),
(10777, 'GOURL', 7, '2020-12-15 12:26:00.000', '20201229', '20210121', 2, 3.0100, 'Gourmet Lanchonetes', 'Av. Brasil, 442', 'Campinas', 'SP', '04876-786', 'Brasil'),
(10778, 'BERGS', 3, '2020-12-16 17:30:00.000', '20210113', '20201224', 1, 6.7900, 'Berglunds snabbköp', 'Berguvsvägen  8', 'Luleå', NULL, 'S-958 22', 'Suecia'),
(10779, 'MORGK', 3, '2020-12-16 15:58:00.000', '20210113', '20210114', 2, 58.1300, 'Morgenstern Gesundkost', 'Heerstr. 22', 'Leipzig', NULL, '04179', 'Alemania'),
(10780, 'LILAS', 2, '2020-12-16 16:47:00.000', '20201230', '20201225', 1, 42.1300, 'LILA-Supermercado', 'Carrera 52 con Ave. Bolívar #65-98 Llano Largo', 'Barquisimeto', 'Lara', '3508', 'Venezuela'),
(10781, 'WARTH', 2, '2020-12-17 15:22:00.000', '20210114', '20201219', 3, 73.1600, 'Wartian Herkku', 'Torikatu 38', 'Oulu', NULL, '90110', 'Finlandia'),
(10782, 'CACTU', 9, '2020-12-17 15:12:00.000', '20210114', '20201222', 3, 1.1000, 'Cactus Comidas para llevar', 'Cerrito 333', 'Buenos Aires', NULL, '1010', 'Argentina'),
(10783, 'HANAR', 4, '2020-12-18 13:36:00.000', '20210115', '20201219', 2, 124.9800, 'Hanari Carnes', 'Rua do Paço, 67', 'Rio de Janeiro', 'RJ', '05454-876', 'Brasil'),
(10784, 'MAGAA', 4, '2020-12-18 16:35:00.000', '20210115', '20201222', 3, 70.0900, 'Magazzini Alimentari Riuniti', 'Via Ludovico il Moro 22', 'Bergamo', NULL, '24100', 'Italia'),
(10785, 'GROSR', 1, '2020-12-18 17:25:00.000', '20210115', '20201224', 3, 1.5100, 'GROSELLA-Restaurante', '5ª Ave. Los Palos Grandes', 'Caracas', 'DF', '1081', 'Venezuela'),
(10786, 'QUEEN', 8, '2020-12-19 16:36:00.000', '20210116', '20201223', 1, 110.8700, 'Queen Cozinha', 'Alameda dos Canàrios, 891', 'Sao Paulo', 'SP', '05487-020', 'Brasil'),
(10787, 'LAMAI', 2, '2020-12-19 14:23:00.000', '20210102', '20201226', 1, 249.9300, 'La maison d''Asie', '1 rue Alsace-Lorraine', 'Toulouse', NULL, '31000', 'Francia'),
(10788, 'QUICK', 1, '2020-12-22 18:11:00.000', '20210119', '20210119', 2, 42.7000, 'QUICK-Stop', 'Taucherstraße 10', 'Cunewalde', NULL, '01307', 'Alemania'),
(10789, 'FOLIG', 1, '2020-12-22 18:37:00.000', '20210119', '20201231', 2, 100.6000, 'Folies gourmandes', '184, chaussée de Tournai', 'Lille', NULL, '59000', 'Francia'),
(10790, 'GOURL', 6, '2020-12-22 13:53:00.000', '20210119', '20201226', 1, 28.2300, 'Gourmet Lanchonetes', 'Av. Brasil, 442', 'Campinas', 'SP', '04876-786', 'Brasil'),
(10791, 'FRANK', 6, '2020-12-23 18:18:00.000', '20210120', '20210101', 2, 16.8500, 'Frankenversand', 'Berliner Platz 43', 'München', NULL, '80805', 'Alemania'),
(10792, 'WOLZA', 1, '2020-12-23 12:48:00.000', '20210120', '20201231', 3, 23.7900, 'Wolski Zajazd', 'ul. Filtrowa 68', 'Warszawa', NULL, '01-012', 'Polonia'),
(10793, 'AROUT', 3, '2020-12-24 14:47:00.000', '20210121', '20210108', 3, 4.5200, 'Around the Horn', 'Brook Farm Stratford St. Mary', 'Colchester', 'Essex', 'CO7 6JX', 'Reino Unido'),
(10794, 'QUEDE', 6, '2020-12-24 13:46:00.000', '20210121', '20210102', 1, 21.4900, 'Que Delícia', 'Rua da Panificadora, 12', 'Rio de Janeiro', 'RJ', '02389-673', 'Brasil'),
(10795, 'ERNSH', 8, '2020-12-24 12:24:00.000', '20210121', '20210120', 2, 126.6600, 'Ernst Handel', 'Kirchgasse 6', 'Graz', NULL, '8010', 'Austria'),
(10796, 'HILAA', 3, '2020-12-25 16:42:00.000', '20210122', '20210114', 1, 26.5200, 'HILARION-Abastos', 'Carrera 22 con Ave. Carlos Soublette #8-35', 'San Cristóbal', 'Táchira', '5022', 'Venezuela'),
(10797, 'DRACD', 7, '2020-12-25 12:16:00.000', '20210122', '20210105', 2, 33.3500, 'Drachenblut Delikatessen', 'Walserweg 21', 'Aachen', NULL, '52066', 'Alemania'),
(10798, 'ISLAT', 2, '2020-12-26 14:25:00.000', '20210123', '20210105', 1, 2.3300, 'Island Trading', 'Garden House Crowther Way', 'Cowes', 'Isle of Wight', 'PO31 7PJ', 'Reino Unido'),
(10799, 'KOENE', 9, '2020-12-26 13:51:00.000', '20210206', '20210105', 3, 30.7600, 'Königlich Essen', 'Maubelstr. 90', 'Brandenburg', NULL, '14776', 'Alemania'),
(10800, 'SEVES', 1, '2020-12-26 13:46:00.000', '20210123', '20210105', 3, 137.4400, 'Seven Seas Imports', '90 Wadhurst Rd.', 'London', NULL, 'OX15 4NB', 'Reino Unido'),
(10801, 'BOLID', 4, '2020-12-29 12:19:00.000', '20210126', '20201231', 2, 97.0900, 'Bólido Comidas preparadas', 'C/ Araquil, 67', 'Madrid', NULL, '28023', 'España'),
(10802, 'SIMOB', 4, '2020-12-29 14:34:00.000', '20210126', '20210102', 2, 257.2600, 'Simons bistro', 'Vinbæltet 34', 'Kobenhavn', NULL, '1734', 'Dinamarca'),
(10803, 'WELLI', 4, '2020-12-30 12:36:00.000', '20210127', '20210106', 1, 55.2300, 'Wellington Importadora', 'Rua do Mercado, 12', 'Resende', 'SP', '08737-363', 'Brasil'),
(10804, 'SEVES', 6, '2020-12-30 18:25:00.000', '20210127', '20210107', 2, 27.3300, 'Seven Seas Imports', '90 Wadhurst Rd.', 'London', NULL, 'OX15 4NB', 'Reino Unido'),
(10805, 'THEBI', 2, '2020-12-30 12:14:00.000', '20210127', '20210109', 3, 237.3400, 'The Big Cheese', '89 Jefferson Way Suite 2', 'Portland', 'OR', '97201', 'EE.UU.'),
(10806, 'VICTE', 3, '2020-12-31 15:16:00.000', '20210128', '20210105', 2, 22.1100, 'Victuailles en stock', '2, rue du Commerce', 'Lyon', NULL, '69004', 'Francia'),
(10807, 'FRANS', 4, '2020-12-31 12:57:00.000', '20210128', '20210130', 1, 1.3600, 'Franchi S.p.A.', 'Via Monte Bianco 34', 'Torino', NULL, '10100', 'Italia'),
(10808, 'OLDWO', 2, '2021-01-01 17:39:00.000', '20210129', '20210109', 3, 45.5300, 'Old World Delicatessen', '2743 Bering St.', 'Anchorage', 'AK', '99508', 'EE.UU.'),
(10809, 'WELLI', 7, '2021-01-01 17:40:00.000', '20210129', '20210107', 1, 4.8700, 'Wellington Importadora', 'Rua do Mercado, 12', 'Resende', 'SP', '08737-363', 'Brasil'),
(10810, 'LAUGB', 2, '2021-01-01 14:54:00.000', '20210129', '20210107', 3, 4.3300, 'Laughing Bacchus Wine Cellars', '2319 Elm St.', 'Vancouver', 'BC', 'V3F 2K1', 'Canadá'),
(10811, 'LINOD', 8, '2021-01-02 17:49:00.000', '20210130', '20210108', 1, 31.2200, 'LINO-Delicateses', 'Ave. 5 de Mayo Porlamar', 'I. de Margarita', 'Nueva Esparta', '4980', 'Venezuela'),
(10812, 'REGGC', 5, '2021-01-02 16:49:00.000', '20210130', '20210112', 1, 59.7800, 'Reggiani Caseifici', 'Strada Provinciale 124', 'Reggio Emilia', NULL, '42100', 'Italia'),
(10813, 'RICAR', 1, '2021-01-05 17:35:00.000', '20210202', '20210109', 1, 47.3800, 'Ricardo Adocicados', 'Av. Copacabana, 267', 'Rio de Janeiro', 'RJ', '02389-890', 'Brasil'),
(10814, 'VICTE', 3, '2021-01-05 17:53:00.000', '20210202', '20210114', 3, 130.9400, 'Victuailles en stock', '2, rue du Commerce', 'Lyon', NULL, '69004', 'Francia'),
(10815, 'SAVEA', 2, '2021-01-05 15:11:00.000', '20210202', '20210114', 3, 14.6200, 'Save-a-lot Markets', '187 Suffolk Ln.', 'Boise', 'ID', '83720', 'EE.UU.'),
(10816, 'GREAL', 4, '2021-01-06 18:52:00.000', '20210203', '20210204', 2, 719.7800, 'Great Lakes Food Market', '2732 Baker Blvd.', 'Eugene', 'OR', '97403', 'EE.UU.'),
(10817, 'KOENE', 3, '2021-01-06 12:47:00.000', '20210120', '20210113', 2, 306.0700, 'Königlich Essen', 'Maubelstr. 90', 'Brandenburg', NULL, '14776', 'Alemania'),
(10818, 'MAGAA', 7, '2021-01-07 13:18:00.000', '20210204', '20210112', 3, 65.4800, 'Magazzini Alimentari Riuniti', 'Via Ludovico il Moro 22', 'Bergamo', NULL, '24100', 'Italia'),
(10819, 'CACTU', 2, '2021-01-07 17:43:00.000', '20210204', '20210116', 3, 19.7600, 'Cactus Comidas para llevar', 'Cerrito 333', 'Buenos Aires', NULL, '1010', 'Argentina'),
(10820, 'RATTC', 3, '2021-01-07 14:52:00.000', '20210204', '20210113', 2, 37.5200, 'Rattlesnake Canyon Grocery', '2817 Milton Dr.', 'Albuquerque', 'NM', '87110', 'EE.UU.'),
(10821, 'SPLIR', 1, '2021-01-08 14:43:00.000', '20210205', '20210115', 1, 36.6800, 'Split Rail Beer & Ale', 'P.O. Box 555', 'Lander', 'WY', '82520', 'EE.UU.'),
(10822, 'TRAIH', 6, '2021-01-08 17:32:00.000', '20210205', '20210116', 3, 7.0000, 'Trail''s Head Gourmet Provisioners', '722 DaVinci Blvd.', 'Kirkland', 'WA', '98034', 'EE.UU.'),
(10823, 'LILAS', 5, '2021-01-09 15:41:00.000', '20210206', '20210113', 2, 163.9700, 'LILA-Supermercado', 'Carrera 52 con Ave. Bolívar #65-98 Llano Largo', 'Barquisimeto', 'Lara', '3508', 'Venezuela'),
(10824, 'FOLKO', 8, '2021-01-09 18:22:00.000', '20210206', '20210130', 1, 1.2300, 'Folk och fä HB', 'Åkergatan 24', 'Bräcke', NULL, 'S-844 67', 'Suecia'),
(10825, 'DRACD', 1, '2021-01-09 12:37:00.000', '20210206', '20210114', 1, 79.2500, 'Drachenblut Delikatessen', 'Walserweg 21', 'Aachen', NULL, '52066', 'Alemania'),
(10826, 'BLONP', 6, '2021-01-12 13:55:00.000', '20210209', '20210206', 1, 7.0900, 'Blondel père et fils', '24, place Kléber', 'Strasbourg', NULL, '67000', 'Francia'),
(10827, 'BONAP', 1, '2021-01-12 15:43:00.000', '20210126', '20210206', 2, 63.5400, 'Bon app''', '12, rue des Bouchers', 'Marseille', NULL, '13008', 'Francia'),
(10828, 'RANCH', 9, '2021-01-13 13:15:00.000', '20210127', '20210204', 1, 90.8500, 'Rancho grande', 'Av. del Libertador 900', 'Buenos Aires', NULL, '1010', 'Argentina'),
(10829, 'ISLAT', 9, '2021-01-13 12:43:00.000', '20210210', '20210123', 1, 154.7200, 'Island Trading', 'Garden House Crowther Way', 'Cowes', 'Isle of Wight', 'PO31 7PJ', 'Reino Unido'),
(10830, 'TRADH', 4, '2021-01-13 12:10:00.000', '20210224', '20210121', 2, 81.8300, 'Tradiçao Hipermercados', 'Av. Inês de Castro, 414', 'Sao Paulo', 'SP', '05634-030', 'Brasil'),
(10831, 'SANTG', 3, '2021-01-14 13:21:00.000', '20210211', '20210123', 2, 72.1900, 'Santé Gourmet', 'Erling Skakkes gate 78', 'Stavern', NULL, '4110', 'Noruega'),
(10832, 'LAMAI', 2, '2021-01-14 12:13:00.000', '20210211', '20210119', 2, 43.2600, 'La maison d''Asie', '1 rue Alsace-Lorraine', 'Toulouse', NULL, '31000', 'Francia'),
(10833, 'OTTIK', 6, '2021-01-15 12:27:00.000', '20210212', '20210123', 2, 71.4900, 'Ottilies Käseladen', 'Mehrheimerstr. 369', 'Köln', NULL, '50739', 'Alemania'),
(10834, 'TRADH', 1, '2021-01-15 13:54:00.000', '20210212', '20210119', 3, 29.7800, 'Tradiçao Hipermercados', 'Av. Inês de Castro, 414', 'Sao Paulo', 'SP', '05634-030', 'Brasil'),
(10835, 'ALFKI', 1, '2021-01-15 13:18:00.000', '20210212', '20210121', 3, 69.5300, 'Alfred''s Futterkiste', 'Obere Str. 57', 'Berlin', NULL, '12209', 'Alemania'),
(10836, 'ERNSH', 7, '2021-01-16 16:39:00.000', '20210213', '20210121', 1, 411.8800, 'Ernst Handel', 'Kirchgasse 6', 'Graz', NULL, '8010', 'Austria'),
(10837, 'BERGS', 9, '2021-01-16 16:21:00.000', '20210213', '20210123', 3, 13.3200, 'Berglunds snabbköp', 'Berguvsvägen  8', 'Luleå', NULL, 'S-958 22', 'Suecia'),
(10838, 'LINOD', 3, '2021-01-19 12:35:00.000', '20210216', '20210123', 3, 59.2800, 'LINO-Delicateses', 'Ave. 5 de Mayo Porlamar', 'I. de Margarita', 'Nueva Esparta', '4980', 'Venezuela'),
(10839, 'TRADH', 3, '2021-01-19 18:35:00.000', '20210216', '20210122', 3, 35.4300, 'Tradiçao Hipermercados', 'Av. Inês de Castro, 414', 'Sao Paulo', 'SP', '05634-030', 'Brasil'),
(10840, 'LINOD', 4, '2021-01-19 13:27:00.000', '20210302', '20210216', 2, 2.7100, 'LINO-Delicateses', 'Ave. 5 de Mayo Porlamar', 'I. de Margarita', 'Nueva Esparta', '4980', 'Venezuela'),
(10841, 'SUPRD', 5, '2021-01-20 12:59:00.000', '20210217', '20210129', 2, 424.3000, 'Suprêmes délices', 'Boulevard Tirou, 255', 'Charleroi', NULL, 'B-6000', 'Bélgica'),
(10842, 'TORTU', 1, '2021-01-20 14:16:00.000', '20210217', '20210129', 3, 54.4200, 'Tortuga Restaurante', 'Avda. Azteca 123', 'México D.F.', NULL, '05033', 'Mexico'),
(10843, 'VICTE', 4, '2021-01-21 13:39:00.000', '20210218', '20210126', 2, 9.2600, 'Victuailles en stock', '2, rue du Commerce', 'Lyon', NULL, '69004', 'Francia'),
(10844, 'PICCO', 8, '2021-01-21 18:31:00.000', '20210218', '20210126', 2, 25.2200, 'Piccolo und mehr', 'Geislweg 14', 'Salzburg', NULL, '5020', 'Austria'),
(10845, 'QUICK', 8, '2021-01-21 18:28:00.000', '20210204', '20210130', 1, 212.9800, 'QUICK-Stop', 'Taucherstraße 10', 'Cunewalde', NULL, '01307', 'Alemania'),
(10846, 'SUPRD', 2, '2021-01-22 16:56:00.000', '20210305', '20210123', 3, 56.4600, 'Suprêmes délices', 'Boulevard Tirou, 255', 'Charleroi', NULL, 'B-6000', 'Bélgica'),
(10847, 'SAVEA', 4, '2021-01-22 14:17:00.000', '20210205', '20210210', 3, 487.5700, 'Save-a-lot Markets', '187 Suffolk Ln.', 'Boise', 'ID', '83720', 'EE.UU.'),
(10848, 'CONSH', 7, '2021-01-23 12:36:00.000', '20210220', '20210129', 2, 38.2400, 'Consolidated Holdings', 'Berkeley Gardens 12  Brewery', 'London', NULL, 'WX1 6LT', 'Reino Unido'),
(10849, 'KOENE', 9, '2021-01-23 13:15:00.000', '20210220', '20210130', 2, 0.5600, 'Königlich Essen', 'Maubelstr. 90', 'Brandenburg', NULL, '14776', 'Alemania'),
(10850, 'VICTE', 1, '2021-01-23 18:39:00.000', '20210306', '20210130', 1, 49.1900, 'Victuailles en stock', '2, rue du Commerce', 'Lyon', NULL, '69004', 'Francia'),
(10851, 'RICAR', 5, '2021-01-26 14:54:00.000', '20210223', '20210202', 1, 160.5500, 'Ricardo Adocicados', 'Av. Copacabana, 267', 'Rio de Janeiro', 'RJ', '02389-890', 'Brasil'),
(10852, 'RATTC', 8, '2021-01-26 14:14:00.000', '20210209', '20210130', 1, 174.0500, 'Rattlesnake Canyon Grocery', '2817 Milton Dr.', 'Albuquerque', 'NM', '87110', 'EE.UU.'),
(10853, 'BLAUS', 9, '2021-01-27 18:28:00.000', '20210224', '20210203', 2, 53.8300, 'Blauer See Delikatessen', 'Forsterstr. 57', 'Mannheim', NULL, '68306', 'Alemania'),
(10854, 'ERNSH', 3, '2021-01-27 14:33:00.000', '20210224', '20210205', 2, 100.2200, 'Ernst Handel', 'Kirchgasse 6', 'Graz', NULL, '8010', 'Austria'),
(10855, 'OLDWO', 3, '2021-01-27 13:15:00.000', '20210224', '20210204', 1, 170.9700, 'Old World Delicatessen', '2743 Bering St.', 'Anchorage', 'AK', '99508', 'EE.UU.'),
(10856, 'ANTON', 3, '2021-01-28 13:10:00.000', '20210225', '20210210', 2, 58.4300, 'Antonio Moreno Taquería', 'Mataderos  2312', 'México D.F.', NULL, '05023', 'Mexico'),
(10857, 'BERGS', 8, '2021-01-28 16:36:00.000', '20210225', '20210206', 2, 188.8500, 'Berglunds snabbköp', 'Berguvsvägen  8', 'Luleå', NULL, 'S-958 22', 'Suecia'),
(10858, 'LACOR', 2, '2021-01-29 17:35:00.000', '20210226', '20210203', 1, 52.5100, 'La corne d''abondance', '67, avenue de l''Europe', 'Versailles', NULL, '78000', 'Francia'),
(10859, 'FRANK', 1, '2021-01-29 18:58:00.000', '20210226', '20210202', 2, 76.1000, 'Frankenversand', 'Berliner Platz 43', 'München', NULL, '80805', 'Alemania'),
(10860, 'FRANR', 3, '2021-01-29 14:47:00.000', '20210226', '20210204', 3, 19.2600, 'Francia restauration', '54, rue Royale', 'Nantes', NULL, '44000', 'Francia'),
(10861, 'WHITC', 4, '2021-01-30 16:22:00.000', '20210227', '20210217', 2, 14.9300, 'White Clover Markets', '1029 - 12th Ave. S.', 'Seattle', 'WA', '98124', 'EE.UU.'),
(10862, 'LEHMS', 8, '2021-01-30 13:20:00.000', '20210313', '20210202', 2, 53.2300, 'Lehmanns Marktstand', 'Magazinweg 7', 'Frankfurt a.M.', NULL, '60528', 'Alemania'),
(10863, 'HILAA', 4, '2021-02-02 15:53:00.000', '20210302', '20210217', 2, 30.2600, 'HILARION-Abastos', 'Carrera 22 con Ave. Carlos Soublette #8-35', 'San Cristóbal', 'Táchira', '5022', 'Venezuela'),
(10864, 'AROUT', 4, '2021-02-02 17:59:00.000', '20210302', '20210209', 2, 3.0400, 'Around the Horn', 'Brook Farm Stratford St. Mary', 'Colchester', 'Essex', 'CO7 6JX', 'Reino Unido'),
(10865, 'QUICK', 2, '2021-02-02 15:52:00.000', '20210216', '20210212', 1, 348.1400, 'QUICK-Stop', 'Taucherstraße 10', 'Cunewalde', NULL, '01307', 'Alemania'),
(10866, 'BERGS', 5, '2021-02-03 15:45:00.000', '20210303', '20210212', 1, 109.1100, 'Berglunds snabbköp', 'Berguvsvägen  8', 'Luleå', NULL, 'S-958 22', 'Suecia'),
(10867, 'LONEP', 6, '2021-02-03 17:50:00.000', '20210317', '20210211', 1, 1.9300, 'Lonesome Pine Restaurant', '89 Chiaroscuro Rd.', 'Portland', 'OR', '97219', 'EE.UU.'),
(10868, 'QUEEN', 7, '2021-02-04 18:19:00.000', '20210304', '20210223', 2, 191.2700, 'Queen Cozinha', 'Alameda dos Canàrios, 891', 'Sao Paulo', 'SP', '05487-020', 'Brasil'),
(10869, 'SEVES', 5, '2021-02-04 16:11:00.000', '20210304', '20210209', 1, 143.2800, 'Seven Seas Imports', '90 Wadhurst Rd.', 'London', NULL, 'OX15 4NB', 'Reino Unido'),
(10870, 'WOLZA', 5, '2021-02-04 17:20:00.000', '20210304', '20210213', 3, 12.0400, 'Wolski Zajazd', 'ul. Filtrowa 68', 'Warszawa', NULL, '01-012', 'Polonia'),
(10871, 'BONAP', 9, '2021-02-05 18:55:00.000', '20210305', '20210210', 2, 112.2700, 'Bon app''', '12, rue des Bouchers', 'Marseille', NULL, '13008', 'Francia'),
(10872, 'GODOS', 5, '2021-02-05 14:36:00.000', '20210305', '20210209', 2, 175.3200, 'Godos Cocina Típica', 'C/ Romero, 33', 'Sevilla', NULL, '41101', 'España'),
(10873, 'WILMK', 4, '2021-02-06 15:13:00.000', '20210306', '20210209', 1, 0.8200, 'Wilman Kala', 'Keskuskatu 45', 'Helsinki', NULL, '21240', 'Finlandia'),
(10874, 'GODOS', 5, '2021-02-06 13:36:00.000', '20210306', '20210211', 2, 19.5800, 'Godos Cocina Típica', 'C/ Romero, 33', 'Sevilla', NULL, '41101', 'España'),
(10875, 'BERGS', 4, '2021-02-06 18:11:00.000', '20210306', '20210303', 2, 32.3700, 'Berglunds snabbköp', 'Berguvsvägen  8', 'Luleå', NULL, 'S-958 22', 'Suecia'),
(10876, 'BONAP', 7, '2021-02-09 14:39:00.000', '20210309', '20210212', 3, 60.4200, 'Bon app''', '12, rue des Bouchers', 'Marseille', NULL, '13008', 'Francia'),
(10877, 'RICAR', 1, '2021-02-09 12:45:00.000', '20210309', '20210219', 1, 38.0600, 'Ricardo Adocicados', 'Av. Copacabana, 267', 'Rio de Janeiro', 'RJ', '02389-890', 'Brasil'),
(10878, 'QUICK', 4, '2021-02-10 17:52:00.000', '20210310', '20210212', 1, 46.6900, 'QUICK-Stop', 'Taucherstraße 10', 'Cunewalde', NULL, '01307', 'Alemania'),
(10879, 'WILMK', 3, '2021-02-10 17:32:00.000', '20210310', '20210212', 3, 8.5000, 'Wilman Kala', 'Keskuskatu 45', 'Helsinki', NULL, '21240', 'Finlandia'),
(10880, 'FOLKO', 7, '2021-02-10 14:56:00.000', '20210324', '20210218', 1, 88.0100, 'Folk och fä HB', 'Åkergatan 24', 'Bräcke', NULL, 'S-844 67', 'Suecia'),
(10881, 'CACTU', 4, '2021-02-11 14:45:00.000', '20210311', '20210218', 1, 2.8400, 'Cactus Comidas para llevar', 'Cerrito 333', 'Buenos Aires', NULL, '1010', 'Argentina'),
(10882, 'SAVEA', 4, '2021-02-11 14:44:00.000', '20210311', '20210220', 3, 23.1000, 'Save-a-lot Markets', '187 Suffolk Ln.', 'Boise', 'ID', '83720', 'EE.UU.'),
(10883, 'LONEP', 8, '2021-02-12 17:48:00.000', '20210312', '20210220', 3, 0.5300, 'Lonesome Pine Restaurant', '89 Chiaroscuro Rd.', 'Portland', 'OR', '97219', 'EE.UU.'),
(10884, 'LETSS', 4, '2021-02-12 18:38:00.000', '20210312', '20210213', 2, 90.9700, 'Let''s Stop N Shop', '87 Polk St. Suite 5', 'San Francisco', 'CA', '94117', 'EE.UU.'),
(10885, 'SUPRD', 6, '2021-02-12 14:28:00.000', '20210312', '20210218', 3, 5.6400, 'Suprêmes délices', 'Boulevard Tirou, 255', 'Charleroi', NULL, 'B-6000', 'Bélgica'),
(10886, 'HANAR', 1, '2021-02-13 16:38:00.000', '20210313', '20210302', 1, 4.9900, 'Hanari Carnes', 'Rua do Paço, 67', 'Rio de Janeiro', 'RJ', '05454-876', 'Brasil'),
(10887, 'GALED', 8, '2021-02-13 14:49:00.000', '20210313', '20210216', 3, 1.2500, 'Galería del gastronómo', 'Rambla de Cataluña, 23', 'Barcelona', NULL, '8022', 'España'),
(10888, 'GODOS', 1, '2021-02-16 16:40:00.000', '20210316', '20210223', 2, 51.8700, 'Godos Cocina Típica', 'C/ Romero, 33', 'Sevilla', NULL, '41101', 'España'),
(10889, 'RATTC', 9, '2021-02-16 18:20:00.000', '20210316', '20210223', 3, 280.6100, 'Rattlesnake Canyon Grocery', '2817 Milton Dr.', 'Albuquerque', 'NM', '87110', 'EE.UU.'),
(10890, 'DUMON', 7, '2021-02-16 14:17:00.000', '20210316', '20210218', 1, 32.7600, 'Du monde entier', '67, rue des Cinquante Otages', 'Nantes', NULL, '44000', 'Francia'),
(10891, 'LEHMS', 7, '2021-02-17 12:27:00.000', '20210317', '20210219', 2, 20.3700, 'Lehmanns Marktstand', 'Magazinweg 7', 'Frankfurt a.M.', NULL, '60528', 'Alemania'),
(10892, 'MAISD', 4, '2021-02-17 15:54:00.000', '20210317', '20210219', 2, 120.2700, 'Maison Dewey', 'Rue Joseph-Bens 532', 'Bruxelles', NULL, 'B-1180', 'Bélgica'),
(10893, 'KOENE', 9, '2021-02-18 18:37:00.000', '20210318', '20210220', 2, 77.7800, 'Königlich Essen', 'Maubelstr. 90', 'Brandenburg', NULL, '14776', 'Alemania'),
(10894, 'SAVEA', 1, '2021-02-18 15:56:00.000', '20210318', '20210220', 1, 116.1300, 'Save-a-lot Markets', '187 Suffolk Ln.', 'Boise', 'ID', '83720', 'EE.UU.'),
(10895, 'ERNSH', 3, '2021-02-18 17:24:00.000', '20210318', '20210223', 1, 162.7500, 'Ernst Handel', 'Kirchgasse 6', 'Graz', NULL, '8010', 'Austria'),
(10896, 'MAISD', 7, '2021-02-19 15:18:00.000', '20210319', '20210227', 3, 32.4500, 'Maison Dewey', 'Rue Joseph-Bens 532', 'Bruxelles', NULL, 'B-1180', 'Bélgica'),
(10897, 'HUNGO', 3, '2021-02-19 13:36:00.000', '20210319', '20210225', 2, 603.5400, 'Hungry Owl All-Night Grocers', '8 Johnstown Road', 'Cork', 'Co. Cork', NULL, 'Irlanda'),
(10898, 'OCEAN', 4, '2021-02-20 16:40:00.000', '20210320', '20210306', 2, 1.2700, 'Océano Atlántico Ltda.', 'Ing. Gustavo Moncada 8585 Piso 20-A', 'Buenos Aires', NULL, '1010', 'Argentina'),
(10899, 'LILAS', 5, '2021-02-20 17:52:00.000', '20210320', '20210226', 3, 1.2100, 'LILA-Supermercado', 'Carrera 52 con Ave. Bolívar #65-98 Llano Largo', 'Barquisimeto', 'Lara', '3508', 'Venezuela'),
(10900, 'WELLI', 1, '2021-02-20 12:43:00.000', '20210320', '20210304', 2, 1.6600, 'Wellington Importadora', 'Rua do Mercado, 12', 'Resende', 'SP', '08737-363', 'Brasil'),
(10901, 'HILAA', 4, '2021-02-23 18:21:00.000', '20210323', '20210226', 1, 62.0900, 'HILARION-Abastos', 'Carrera 22 con Ave. Carlos Soublette #8-35', 'San Cristóbal', 'Táchira', '5022', 'Venezuela'),
(10902, 'FOLKO', 1, '2021-02-23 16:45:00.000', '20210323', '20210303', 1, 44.1500, 'Folk och fä HB', 'Åkergatan 24', 'Bräcke', NULL, 'S-844 67', 'Suecia'),
(10903, 'HANAR', 3, '2021-02-24 17:29:00.000', '20210324', '20210304', 3, 36.7100, 'Hanari Carnes', 'Rua do Paço, 67', 'Rio de Janeiro', 'RJ', '05454-876', 'Brasil'),
(10904, 'WHITC', 3, '2021-02-24 13:30:00.000', '20210324', '20210227', 3, 162.9500, 'White Clover Markets', '1029 - 12th Ave. S.', 'Seattle', 'WA', '98124', 'EE.UU.'),
(10905, 'WELLI', 9, '2021-02-24 15:22:00.000', '20210324', '20210306', 2, 13.7200, 'Wellington Importadora', 'Rua do Mercado, 12', 'Resende', 'SP', '08737-363', 'Brasil'),
(10906, 'WOLZA', 4, '2021-02-25 18:18:00.000', '20210311', '20210303', 3, 26.2900, 'Wolski Zajazd', 'ul. Filtrowa 68', 'Warszawa', NULL, '01-012', 'Polonia'),
(10907, 'SPECD', 6, '2021-02-25 17:52:00.000', '20210325', '20210227', 3, 9.1900, 'Spécialités du monde', '25, rue Lauriston', 'Paris', NULL, '75016', 'Francia'),
(10908, 'REGGC', 4, '2021-02-26 12:59:00.000', '20210326', '20210306', 2, 32.9600, 'Reggiani Caseifici', 'Strada Provinciale 124', 'Reggio Emilia', NULL, '42100', 'Italia'),
(10909, 'SANTG', 1, '2021-02-26 16:44:00.000', '20210326', '20210310', 2, 53.0500, 'Santé Gourmet', 'Erling Skakkes gate 78', 'Stavern', NULL, '4110', 'Noruega'),
(10910, 'WILMK', 1, '2021-02-26 13:12:00.000', '20210326', '20210304', 3, 38.1100, 'Wilman Kala', 'Keskuskatu 45', 'Helsinki', NULL, '21240', 'Finlandia'),
(10911, 'GODOS', 3, '2021-02-26 15:46:00.000', '20210326', '20210305', 1, 38.1900, 'Godos Cocina Típica', 'C/ Romero, 33', 'Sevilla', NULL, '41101', 'España'),
(10912, 'HUNGO', 2, '2021-02-26 15:49:00.000', '20210326', '20210318', 2, 580.9100, 'Hungry Owl All-Night Grocers', '8 Johnstown Road', 'Cork', 'Co. Cork', NULL, 'Irlanda'),
(10913, 'QUEEN', 4, '2021-02-26 13:20:00.000', '20210326', '20210304', 1, 33.0500, 'Queen Cozinha', 'Alameda dos Canàrios, 891', 'Sao Paulo', 'SP', '05487-020', 'Brasil'),
(10914, 'QUEEN', 6, '2021-02-27 14:18:00.000', '20210327', '20210302', 1, 21.1900, 'Queen Cozinha', 'Alameda dos Canàrios, 891', 'Sao Paulo', 'SP', '05487-020', 'Brasil'),
(10915, 'TORTU', 2, '2021-02-27 18:39:00.000', '20210327', '20210302', 2, 3.5100, 'Tortuga Restaurante', 'Avda. Azteca 123', 'México D.F.', NULL, '05033', 'Mexico'),
(10916, 'RANCH', 1, '2021-02-27 18:10:00.000', '20210327', '20210309', 2, 63.7700, 'Rancho grande', 'Av. del Libertador 900', 'Buenos Aires', NULL, '1010', 'Argentina'),
(10917, 'ROMEY', 4, '2021-03-02 12:41:00.000', '20210330', '20210311', 2, 8.2900, 'Romero y tomillo', 'Gran Vía, 1', 'Madrid', NULL, '28001', 'España'),
(10918, 'BOTTM', 3, '2021-03-02 16:51:00.000', '20210330', '20210311', 3, 48.8300, 'Bottom-Dollar Markets', '23 Tsawassen Blvd.', 'Tsawassen', 'BC', 'T2F 8M4', 'Canadá'),
(10919, 'LINOD', 2, '2021-03-02 12:58:00.000', '20210330', '20210304', 2, 19.8000, 'LINO-Delicateses', 'Ave. 5 de Mayo Porlamar', 'I. de Margarita', 'Nueva Esparta', '4980', 'Venezuela'),
(10920, 'AROUT', 4, '2021-03-03 18:46:00.000', '20210331', '20210309', 2, 29.6100, 'Around the Horn', 'Brook Farm Stratford St. Mary', 'Colchester', 'Essex', 'CO7 6JX', 'Reino Unido'),
(10921, 'VAFFE', 1, '2021-03-03 17:41:00.000', '20210414', '20210309', 1, 176.4800, 'Vaffeljernet', 'Smagsloget 45', 'Århus', NULL, '8200', 'Dinamarca'),
(10922, 'HANAR', 5, '2021-03-03 13:39:00.000', '20210331', '20210305', 3, 62.7400, 'Hanari Carnes', 'Rua do Paço, 67', 'Rio de Janeiro', 'RJ', '05454-876', 'Brasil'),
(10923, 'LAMAI', 7, '2021-03-03 17:56:00.000', '20210414', '20210313', 3, 68.2600, 'La maison d''Asie', '1 rue Alsace-Lorraine', 'Toulouse', NULL, '31000', 'Francia'),
(10924, 'BERGS', 3, '2021-03-04 18:55:00.000', '20210401', '20210408', 2, 151.5200, 'Berglunds snabbköp', 'Berguvsvägen  8', 'Luleå', NULL, 'S-958 22', 'Suecia'),
(10925, 'HANAR', 3, '2021-03-04 17:10:00.000', '20210401', '20210313', 1, 2.2700, 'Hanari Carnes', 'Rua do Paço, 67', 'Rio de Janeiro', 'RJ', '05454-876', 'Brasil'),
(10926, 'ANATR', 4, '2021-03-04 17:53:00.000', '20210401', '20210311', 3, 39.9200, 'Ana Trujillo Emparedados y helados', 'Avda. de la Constitución 2222', 'México D.F.', NULL, '05021', 'Mexico'),
(10927, 'LACOR', 4, '2021-03-05 17:14:00.000', '20210402', '20210408', 1, 19.7900, 'La corne d''abondance', '67, avenue de l''Europe', 'Versailles', NULL, '78000', 'Francia'),
(10928, 'GALED', 1, '2021-03-05 14:49:00.000', '20210402', '20210318', 1, 1.3600, 'Galería del gastronómo', 'Rambla de Cataluña, 23', 'Barcelona', NULL, '8022', 'España'),
(10929, 'FRANK', 6, '2021-03-05 15:54:00.000', '20210402', '20210312', 1, 33.9300, 'Frankenversand', 'Berliner Platz 43', 'München', NULL, '80805', 'Alemania'),
(10930, 'SUPRD', 4, '2021-03-06 15:28:00.000', '20210417', '20210318', 3, 15.5500, 'Suprêmes délices', 'Boulevard Tirou, 255', 'Charleroi', NULL, 'B-6000', 'Bélgica'),
(10931, 'RICSU', 4, '2021-03-06 17:11:00.000', '20210320', '20210319', 2, 13.6000, 'Richter Supermarkt', 'Starenweg 5', 'Genève', NULL, '1204', 'Suiza'),
(10932, 'BONAP', 8, '2021-03-06 18:48:00.000', '20210403', '20210324', 1, 134.6400, 'Bon app''', '12, rue des Bouchers', 'Marseille', NULL, '13008', 'Francia'),
(10933, 'ISLAT', 6, '2021-03-06 14:15:00.000', '20210403', '20210316', 3, 54.1500, 'Island Trading', 'Garden House Crowther Way', 'Cowes', 'Isle of Wight', 'PO31 7PJ', 'Reino Unido'),
(10934, 'LEHMS', 3, '2021-03-09 17:57:00.000', '20210406', '20210312', 3, 32.0100, 'Lehmanns Marktstand', 'Magazinweg 7', 'Frankfurt a.M.', NULL, '60528', 'Alemania'),
(10935, 'WELLI', 4, '2021-03-09 18:21:00.000', '20210406', '20210318', 3, 47.5900, 'Wellington Importadora', 'Rua do Mercado, 12', 'Resende', 'SP', '08737-363', 'Brasil'),
(10936, 'GREAL', 3, '2021-03-09 15:25:00.000', '20210406', '20210318', 2, 33.6800, 'Great Lakes Food Market', '2732 Baker Blvd.', 'Eugene', 'OR', '97403', 'EE.UU.'),
(10937, 'CACTU', 7, '2021-03-10 18:24:00.000', '20210324', '20210313', 3, 31.5100, 'Cactus Comidas para llevar', 'Cerrito 333', 'Buenos Aires', NULL, '1010', 'Argentina'),
(10938, 'QUICK', 3, '2021-03-10 12:46:00.000', '20210407', '20210316', 2, 31.8900, 'QUICK-Stop', 'Taucherstraße 10', 'Cunewalde', NULL, '01307', 'Alemania'),
(10939, 'MAGAA', 2, '2021-03-10 17:21:00.000', '20210407', '20210313', 2, 76.3300, 'Magazzini Alimentari Riuniti', 'Via Ludovico il Moro 22', 'Bergamo', NULL, '24100', 'Italia'),
(10940, 'BONAP', 8, '2021-03-11 15:44:00.000', '20210408', '20210323', 3, 19.7700, 'Bon app''', '12, rue des Bouchers', 'Marseille', NULL, '13008', 'Francia'),
(10941, 'SAVEA', 7, '2021-03-11 16:58:00.000', '20210408', '20210320', 2, 400.8100, 'Save-a-lot Markets', '187 Suffolk Ln.', 'Boise', 'ID', '83720', 'EE.UU.'),
(10942, 'REGGC', 9, '2021-03-11 14:22:00.000', '20210408', '20210318', 3, 17.9500, 'Reggiani Caseifici', 'Strada Provinciale 124', 'Reggio Emilia', NULL, '42100', 'Italia'),
(10943, 'BSBEV', 4, '2021-03-11 17:12:00.000', '20210408', '20210319', 2, 2.1700, 'B''s Beverages', 'Fauntleroy Circus', 'London', NULL, 'EC2 5NT', 'Reino Unido'),
(10944, 'BOTTM', 6, '2021-03-12 17:34:00.000', '20210326', '20210313', 3, 52.9200, 'Bottom-Dollar Markets', '23 Tsawassen Blvd.', 'Tsawassen', 'BC', 'T2F 8M4', 'Canadá'),
(10945, 'MORGK', 4, '2021-03-12 14:31:00.000', '20210409', '20210318', 1, 10.2200, 'Morgenstern Gesundkost', 'Heerstr. 22', 'Leipzig', NULL, '04179', 'Alemania'),
(10946, 'VAFFE', 1, '2021-03-12 12:15:00.000', '20210409', '20210319', 2, 27.2000, 'Vaffeljernet', 'Smagsloget 45', 'Århus', NULL, '8200', 'Dinamarca'),
(10947, 'BSBEV', 3, '2021-03-13 13:50:00.000', '20210410', '20210316', 2, 3.2600, 'B''s Beverages', 'Fauntleroy Circus', 'London', NULL, 'EC2 5NT', 'Reino Unido'),
(10948, 'GODOS', 3, '2021-03-13 13:58:00.000', '20210410', '20210319', 3, 23.3900, 'Godos Cocina Típica', 'C/ Romero, 33', 'Sevilla', NULL, '41101', 'España'),
(10949, 'BOTTM', 2, '2021-03-13 15:53:00.000', '20210410', '20210317', 3, 74.4400, 'Bottom-Dollar Markets', '23 Tsawassen Blvd.', 'Tsawassen', 'BC', 'T2F 8M4', 'Canadá'),
(10950, 'MAGAA', 1, '2021-03-16 18:30:00.000', '20210413', '20210323', 2, 2.5000, 'Magazzini Alimentari Riuniti', 'Via Ludovico il Moro 22', 'Bergamo', NULL, '24100', 'Italia'),
(10951, 'RICSU', 9, '2021-03-16 18:26:00.000', '20210427', '20210407', 2, 30.8500, 'Richter Supermarkt', 'Starenweg 5', 'Genève', NULL, '1204', 'Suiza'),
(10952, 'ALFKI', 1, '2021-03-16 16:30:00.000', '20210427', '20210324', 1, 40.4200, 'Alfred''s Futterkiste', 'Obere Str. 57', 'Berlin', NULL, '12209', 'Alemania'),
(10953, 'AROUT', 9, '2021-03-16 16:10:00.000', '20210330', '20210325', 2, 23.7200, 'Around the Horn', 'Brook Farm Stratford St. Mary', 'Colchester', 'Essex', 'CO7 6JX', 'Reino Unido'),
(10954, 'LINOD', 5, '2021-03-17 18:52:00.000', '20210428', '20210320', 1, 27.9100, 'LINO-Delicateses', 'Ave. 5 de Mayo Porlamar', 'I. de Margarita', 'Nueva Esparta', '4980', 'Venezuela'),
(10955, 'FOLKO', 8, '2021-03-17 12:24:00.000', '20210414', '20210320', 2, 3.2600, 'Folk och fä HB', 'Åkergatan 24', 'Bräcke', NULL, 'S-844 67', 'Suecia'),
(10956, 'BLAUS', 6, '2021-03-17 17:52:00.000', '20210428', '20210320', 2, 44.6500, 'Blauer See Delikatessen', 'Forsterstr. 57', 'Mannheim', NULL, '68306', 'Alemania'),
(10957, 'HILAA', 8, '2021-03-18 18:17:00.000', '20210415', '20210327', 3, 105.3600, 'HILARION-Abastos', 'Carrera 22 con Ave. Carlos Soublette #8-35', 'San Cristóbal', 'Táchira', '5022', 'Venezuela'),
(10958, 'OCEAN', 7, '2021-03-18 17:34:00.000', '20210415', '20210327', 2, 49.5600, 'Océano Atlántico Ltda.', 'Ing. Gustavo Moncada 8585 Piso 20-A', 'Buenos Aires', NULL, '1010', 'Argentina'),
(10959, 'GOURL', 6, '2021-03-18 15:39:00.000', '20210429', '20210323', 2, 4.9800, 'Gourmet Lanchonetes', 'Av. Brasil, 442', 'Campinas', 'SP', '04876-786', 'Brasil'),
(10960, 'HILAA', 3, '2021-03-19 13:45:00.000', '20210402', '20210408', 1, 2.0800, 'HILARION-Abastos', 'Carrera 22 con Ave. Carlos Soublette #8-35', 'San Cristóbal', 'Táchira', '5022', 'Venezuela'),
(10961, 'QUEEN', 8, '2021-03-19 12:25:00.000', '20210416', '20210330', 1, 104.4700, 'Queen Cozinha', 'Alameda dos Canàrios, 891', 'Sao Paulo', 'SP', '05487-020', 'Brasil'),
(10962, 'QUICK', 8, '2021-03-19 18:51:00.000', '20210416', '20210323', 2, 275.7900, 'QUICK-Stop', 'Taucherstraße 10', 'Cunewalde', NULL, '01307', 'Alemania'),
(10963, 'FURIB', 9, '2021-03-19 17:30:00.000', '20210416', '20210326', 3, 2.7000, 'Furia Bacalhau e Frutos do Mar', 'Jardim das rosas n. 32', 'Lisboa', NULL, '1675', 'Portugal'),
(10964, 'SPECD', 3, '2021-03-20 12:39:00.000', '20210417', '20210324', 2, 87.3800, 'Spécialités du monde', '25, rue Lauriston', 'Paris', NULL, '75016', 'Francia'),
(10965, 'OLDWO', 6, '2021-03-20 12:21:00.000', '20210417', '20210330', 3, 144.3800, 'Old World Delicatessen', '2743 Bering St.', 'Anchorage', 'AK', '99508', 'EE.UU.'),
(10966, 'CHOPS', 4, '2021-03-20 12:59:00.000', '20210417', '20210408', 1, 27.1900, 'Chop-suey Chinese', 'Hauptstr. 31', 'Bern', NULL, '3012', 'Suiza'),
(10967, 'TOMSP', 2, '2021-03-23 15:20:00.000', '20210420', '20210402', 2, 62.2200, 'Toms Spezialitäten', 'Luisenstr. 48', 'Münster', NULL, '44087', 'Alemania'),
(10968, 'ERNSH', 1, '2021-03-23 18:37:00.000', '20210420', '20210401', 3, 74.6000, 'Ernst Handel', 'Kirchgasse 6', 'Graz', NULL, '8010', 'Austria'),
(10969, 'COMMI', 1, '2021-03-23 12:11:00.000', '20210420', '20210330', 2, 0.2100, 'Comércio Mineiro', 'Av. dos Lusíadas, 23', 'Sao Paulo', 'SP', '05432-043', 'Brasil'),
(10970, 'BOLID', 9, '2021-03-24 16:55:00.000', '20210407', '20210424', 1, 16.1600, 'Bólido Comidas preparadas', 'C/ Araquil, 67', 'Madrid', NULL, '28023', 'España'),
(10971, 'FRANR', 2, '2021-03-24 15:34:00.000', '20210421', '20210402', 2, 121.8200, 'Francia restauration', '54, rue Royale', 'Nantes', NULL, '44000', 'Francia'),
(10972, 'LACOR', 4, '2021-03-24 12:30:00.000', '20210421', '20210326', 2, 0.0200, 'La corne d''abondance', '67, avenue de l''Europe', 'Versailles', NULL, '78000', 'Francia'),
(10973, 'LACOR', 6, '2021-03-24 18:10:00.000', '20210421', '20210327', 2, 15.1700, 'La corne d''abondance', '67, avenue de l''Europe', 'Versailles', NULL, '78000', 'Francia'),
(10974, 'SPLIR', 3, '2021-03-25 15:49:00.000', '20210408', '20210403', 3, 12.9600, 'Split Rail Beer & Ale', 'P.O. Box 555', 'Lander', 'WY', '82520', 'EE.UU.'),
(10975, 'BOTTM', 1, '2021-03-25 15:26:00.000', '20210422', '20210327', 3, 32.2700, 'Bottom-Dollar Markets', '23 Tsawassen Blvd.', 'Tsawassen', 'BC', 'T2F 8M4', 'Canadá'),
(10976, 'HILAA', 1, '2021-03-25 18:11:00.000', '20210506', '20210403', 1, 37.9700, 'HILARION-Abastos', 'Carrera 22 con Ave. Carlos Soublette #8-35', 'San Cristóbal', 'Táchira', '5022', 'Venezuela'),
(10977, 'FOLKO', 8, '2021-03-26 18:36:00.000', '20210423', '20210410', 3, 208.5000, 'Folk och fä HB', 'Åkergatan 24', 'Bräcke', NULL, 'S-844 67', 'Suecia'),
(10978, 'MAISD', 9, '2021-03-26 18:44:00.000', '20210423', '20210423', 2, 32.8200, 'Maison Dewey', 'Rue Joseph-Bens 532', 'Bruxelles', NULL, 'B-1180', 'Bélgica'),
(10979, 'ERNSH', 8, '2021-03-26 13:42:00.000', '20210423', '20210331', 2, 353.0700, 'Ernst Handel', 'Kirchgasse 6', 'Graz', NULL, '8010', 'Austria'),
(10980, 'FOLKO', 4, '2021-03-27 14:33:00.000', '20210508', '20210417', 1, 1.2600, 'Folk och fä HB', 'Åkergatan 24', 'Bräcke', NULL, 'S-844 67', 'Suecia'),
(10981, 'HANAR', 1, '2021-03-27 12:51:00.000', '20210424', '20210402', 2, 193.3700, 'Hanari Carnes', 'Rua do Paço, 67', 'Rio de Janeiro', 'RJ', '05454-876', 'Brasil'),
(10982, 'BOTTM', 2, '2021-03-27 18:39:00.000', '20210424', '20210408', 1, 14.0100, 'Bottom-Dollar Markets', '23 Tsawassen Blvd.', 'Tsawassen', 'BC', 'T2F 8M4', 'Canadá'),
(10983, 'SAVEA', 2, '2021-03-27 13:31:00.000', '20210424', '20210406', 2, 657.5400, 'Save-a-lot Markets', '187 Suffolk Ln.', 'Boise', 'ID', '83720', 'EE.UU.'),
(10984, 'SAVEA', 1, '2021-03-30 18:39:00.000', '20210427', '20210403', 3, 211.2200, 'Save-a-lot Markets', '187 Suffolk Ln.', 'Boise', 'ID', '83720', 'EE.UU.'),
(10985, 'HUNGO', 2, '2021-03-30 18:21:00.000', '20210427', '20210402', 1, 91.5100, 'Hungry Owl All-Night Grocers', '8 Johnstown Road', 'Cork', 'Co. Cork', NULL, 'Irlanda'),
(10986, 'OCEAN', 8, '2021-03-30 13:42:00.000', '20210427', '20210421', 2, 217.8600, 'Océano Atlántico Ltda.', 'Ing. Gustavo Moncada 8585 Piso 20-A', 'Buenos Aires', NULL, '1010', 'Argentina'),
(10987, 'EASTC', 8, '2021-03-31 16:48:00.000', '20210428', '20210406', 1, 185.4800, 'Eastern Connection', '35 King George', 'London', NULL, 'WX3 6FW', 'Reino Unido'),
(10988, 'RATTC', 3, '2021-03-31 17:44:00.000', '20210428', '20210410', 2, 61.1400, 'Rattlesnake Canyon Grocery', '2817 Milton Dr.', 'Albuquerque', 'NM', '87110', 'EE.UU.'),
(10989, 'QUEDE', 2, '2021-03-31 18:51:00.000', '20210428', '20210402', 1, 34.7600, 'Que Delícia', 'Rua da Panificadora, 12', 'Rio de Janeiro', 'RJ', '02389-673', 'Brasil'),
(10990, 'ERNSH', 2, '2021-04-01 14:41:00.000', '20210513', '20210407', 3, 117.6100, 'Ernst Handel', 'Kirchgasse 6', 'Graz', NULL, '8010', 'Austria'),
(10991, 'QUICK', 1, '2021-04-01 16:33:00.000', '20210429', '20210407', 1, 38.5100, 'QUICK-Stop', 'Taucherstraße 10', 'Cunewalde', NULL, '01307', 'Alemania'),
(10992, 'THEBI', 1, '2021-04-01 12:19:00.000', '20210429', '20210403', 3, 4.2700, 'The Big Cheese', '89 Jefferson Way Suite 2', 'Portland', 'OR', '97201', 'EE.UU.'),
(10993, 'FOLKO', 7, '2021-04-01 14:31:00.000', '20210429', '20210410', 3, 8.8100, 'Folk och fä HB', 'Åkergatan 24', 'Bräcke', NULL, 'S-844 67', 'Suecia'),
(10994, 'VAFFE', 2, '2021-04-02 12:58:00.000', '20210416', '20210409', 3, 65.5300, 'Vaffeljernet', 'Smagsloget 45', 'Århus', NULL, '8200', 'Dinamarca'),
(10995, 'PERIC', 1, '2021-04-02 17:22:00.000', '20210430', '20210406', 3, 46.0000, 'Pericles Comidas clásicas', 'Calle Dr. Jorge Cash 321', 'México D.F.', NULL, '05033', 'Mexico'),
(10996, 'QUICK', 4, '2021-04-02 14:38:00.000', '20210430', '20210410', 2, 1.1200, 'QUICK-Stop', 'Taucherstraße 10', 'Cunewalde', NULL, '01307', 'Alemania'),
(10997, 'LILAS', 8, '2021-04-03 15:36:00.000', '20210515', '20210413', 2, 73.9100, 'LILA-Supermercado', 'Carrera 52 con Ave. Bolívar #65-98 Llano Largo', 'Barquisimeto', 'Lara', '3508', 'Venezuela'),
(10998, 'WOLZA', 8, '2021-04-03 14:14:00.000', '20210417', '20210417', 2, 20.3100, 'Wolski Zajazd', 'ul. Filtrowa 68', 'Warszawa', NULL, '01-012', 'Polonia'),
(10999, 'OTTIK', 6, '2021-04-03 18:42:00.000', '20210501', '20210410', 2, 96.3500, 'Ottilies Käseladen', 'Mehrheimerstr. 369', 'Köln', NULL, '50739', 'Alemania'),
(11000, 'RATTC', 2, '2021-04-06 12:50:00.000', '20210504', '20210414', 3, 55.1200, 'Rattlesnake Canyon Grocery', '2817 Milton Dr.', 'Albuquerque', 'NM', '87110', 'EE.UU.'),
(11001, 'FOLKO', 2, '2021-04-06 12:30:00.000', '20210504', '20210414', 2, 197.3000, 'Folk och fä HB', 'Åkergatan 24', 'Bräcke', NULL, 'S-844 67', 'Suecia'),
(11002, 'SAVEA', 4, '2021-04-06 15:44:00.000', '20210504', '20210416', 1, 141.1600, 'Save-a-lot Markets', '187 Suffolk Ln.', 'Boise', 'ID', '83720', 'EE.UU.'),
(11003, 'THECR', 3, '2021-04-06 18:59:00.000', '20210504', '20210408', 3, 14.9100, 'The Cracker Box', '55 Grizzly Peak Rd.', 'Butte', 'MT', '59801', 'EE.UU.'),
(11004, 'MAISD', 3, '2021-04-07 17:33:00.000', '20210505', '20210420', 1, 44.8400, 'Maison Dewey', 'Rue Joseph-Bens 532', 'Bruxelles', NULL, 'B-1180', 'Bélgica'),
(11005, 'WILMK', 2, '2021-04-07 17:35:00.000', '20210505', '20210410', 1, 0.7500, 'Wilman Kala', 'Keskuskatu 45', 'Helsinki', NULL, '21240', 'Finlandia'),
(11006, 'GREAL', 3, '2021-04-07 17:22:00.000', '20210505', '20210415', 2, 25.1900, 'Great Lakes Food Market', '2732 Baker Blvd.', 'Eugene', 'OR', '97403', 'EE.UU.'),
(11007, 'PRINI', 8, '2021-04-08 14:55:00.000', '20210506', '20210413', 2, 202.2400, 'Princesa Isabel Vinhos', 'Estrada da saúde n. 58', 'Lisboa', NULL, '1756', 'Portugal'),
(11008, 'ERNSH', 7, '2021-04-08 17:11:00.000', '20210506', NULL, 3, 79.4600, 'Ernst Handel', 'Kirchgasse 6', 'Graz', NULL, '8010', 'Austria'),
(11009, 'GODOS', 2, '2021-04-08 16:14:00.000', '20210506', '20210410', 1, 59.1100, 'Godos Cocina Típica', 'C/ Romero, 33', 'Sevilla', NULL, '41101', 'España'),
(11010, 'REGGC', 2, '2021-04-09 13:10:00.000', '20210507', '20210421', 2, 28.7100, 'Reggiani Caseifici', 'Strada Provinciale 124', 'Reggio Emilia', NULL, '42100', 'Italia'),
(11011, 'ALFKI', 3, '2021-04-09 15:46:00.000', '20210507', '20210413', 1, 1.2100, 'Alfred''s Futterkiste', 'Obere Str. 57', 'Berlin', NULL, '12209', 'Alemania'),
(11012, 'FRANK', 1, '2021-04-09 12:22:00.000', '20210423', '20210417', 3, 242.9500, 'Frankenversand', 'Berliner Platz 43', 'München', NULL, '80805', 'Alemania'),
(11013, 'ROMEY', 2, '2021-04-09 16:15:00.000', '20210507', '20210410', 1, 32.9900, 'Romero y tomillo', 'Gran Vía, 1', 'Madrid', NULL, '28001', 'España'),
(11014, 'LINOD', 2, '2021-04-10 14:43:00.000', '20210508', '20210415', 3, 23.6000, 'LINO-Delicateses', 'Ave. 5 de Mayo Porlamar', 'I. de Margarita', 'Nueva Esparta', '4980', 'Venezuela'),
(11015, 'SANTG', 2, '2021-04-10 18:23:00.000', '20210424', '20210420', 2, 4.6200, 'Santé Gourmet', 'Erling Skakkes gate 78', 'Stavern', NULL, '4110', 'Noruega'),
(11016, 'AROUT', 9, '2021-04-10 17:22:00.000', '20210508', '20210413', 2, 33.8000, 'Around the Horn', 'Brook Farm Stratford St. Mary', 'Colchester', 'Essex', 'CO7 6JX', 'Reino Unido'),
(11017, 'ERNSH', 9, '2021-04-13 15:52:00.000', '20210511', '20210420', 2, 754.2600, 'Ernst Handel', 'Kirchgasse 6', 'Graz', NULL, '8010', 'Austria'),
(11018, 'LONEP', 4, '2021-04-13 15:39:00.000', '20210511', '20210416', 2, 11.6500, 'Lonesome Pine Restaurant', '89 Chiaroscuro Rd.', 'Portland', 'OR', '97219', 'EE.UU.'),
(11019, 'RANCH', 6, '2021-04-13 18:40:00.000', '20210511', NULL, 3, 3.1700, 'Rancho grande', 'Av. del Libertador 900', 'Buenos Aires', NULL, '1010', 'Argentina'),
(11020, 'OTTIK', 2, '2021-04-14 15:10:00.000', '20210512', '20210416', 2, 43.3000, 'Ottilies Käseladen', 'Mehrheimerstr. 369', 'Köln', NULL, '50739', 'Alemania'),
(11021, 'QUICK', 3, '2021-04-14 17:50:00.000', '20210512', '20210421', 1, 297.1800, 'QUICK-Stop', 'Taucherstraße 10', 'Cunewalde', NULL, '01307', 'Alemania'),
(11022, 'HANAR', 9, '2021-04-14 12:24:00.000', '20210512', '20210504', 2, 6.2700, 'Hanari Carnes', 'Rua do Paço, 67', 'Rio de Janeiro', 'RJ', '05454-876', 'Brasil'),
(11023, 'BSBEV', 1, '2021-04-14 16:48:00.000', '20210428', '20210424', 2, 123.8300, 'B''s Beverages', 'Fauntleroy Circus', 'London', NULL, 'EC2 5NT', 'Reino Unido'),
(11024, 'EASTC', 4, '2021-04-15 14:27:00.000', '20210513', '20210420', 1, 74.3600, 'Eastern Connection', '35 King George', 'London', NULL, 'WX3 6FW', 'Reino Unido'),
(11025, 'WARTH', 6, '2021-04-15 18:16:00.000', '20210513', '20210424', 3, 29.1700, 'Wartian Herkku', 'Torikatu 38', 'Oulu', NULL, '90110', 'Finlandia'),
(11026, 'FRANS', 4, '2021-04-15 13:57:00.000', '20210513', '20210428', 1, 47.0900, 'Franchi S.p.A.', 'Via Monte Bianco 34', 'Torino', NULL, '10100', 'Italia'),
(11027, 'BOTTM', 1, '2021-04-16 17:59:00.000', '20210514', '20210420', 1, 52.5200, 'Bottom-Dollar Markets', '23 Tsawassen Blvd.', 'Tsawassen', 'BC', 'T2F 8M4', 'Canadá'),
(11028, 'KOENE', 2, '2021-04-16 18:50:00.000', '20210514', '20210422', 1, 29.5900, 'Königlich Essen', 'Maubelstr. 90', 'Brandenburg', NULL, '14776', 'Alemania'),
(11029, 'CHOPS', 4, '2021-04-16 12:38:00.000', '20210514', '20210427', 1, 47.8400, 'Chop-suey Chinese', 'Hauptstr. 31', 'Bern', NULL, '3012', 'Suiza'),
(11030, 'SAVEA', 7, '2021-04-17 13:18:00.000', '20210515', '20210427', 2, 830.7500, 'Save-a-lot Markets', '187 Suffolk Ln.', 'Boise', 'ID', '83720', 'EE.UU.'),
(11031, 'SAVEA', 6, '2021-04-17 16:24:00.000', '20210515', '20210424', 2, 227.2200, 'Save-a-lot Markets', '187 Suffolk Ln.', 'Boise', 'ID', '83720', 'EE.UU.'),
(11032, 'WHITC', 2, '2021-04-17 14:39:00.000', '20210515', '20210423', 3, 606.1900, 'White Clover Markets', '1029 - 12th Ave. S.', 'Seattle', 'WA', '98124', 'EE.UU.'),
(11033, 'RICSU', 7, '2021-04-17 16:23:00.000', '20210515', '20210423', 3, 84.7400, 'Richter Supermarkt', 'Starenweg 5', 'Genève', NULL, '1204', 'Suiza'),
(11034, 'OLDWO', 8, '2021-04-20 18:58:00.000', '20210601', '20210427', 1, 40.3200, 'Old World Delicatessen', '2743 Bering St.', 'Anchorage', 'AK', '99508', 'EE.UU.'),
(11035, 'SUPRD', 2, '2021-04-20 14:21:00.000', '20210518', '20210424', 2, 0.1700, 'Suprêmes délices', 'Boulevard Tirou, 255', 'Charleroi', NULL, 'B-6000', 'Bélgica'),
(11036, 'DRACD', 8, '2021-04-20 18:50:00.000', '20210518', '20210422', 3, 149.4700, 'Drachenblut Delikatessen', 'Walserweg 21', 'Aachen', NULL, '52066', 'Alemania'),
(11037, 'GODOS', 7, '2021-04-21 17:17:00.000', '20210519', '20210427', 1, 3.2000, 'Godos Cocina Típica', 'C/ Romero, 33', 'Sevilla', NULL, '41101', 'España'),
(11038, 'SUPRD', 1, '2021-04-21 15:56:00.000', '20210519', '20210430', 2, 29.5900, 'Suprêmes délices', 'Boulevard Tirou, 255', 'Charleroi', NULL, 'B-6000', 'Bélgica'),
(11039, 'LINOD', 1, '2021-04-21 16:31:00.000', '20210519', NULL, 2, 65.0000, 'LINO-Delicateses', 'Ave. 5 de Mayo Porlamar', 'I. de Margarita', 'Nueva Esparta', '4980', 'Venezuela'),
(11040, 'GREAL', 4, '2021-04-22 18:47:00.000', '20210520', NULL, 3, 18.8400, 'Great Lakes Food Market', '2732 Baker Blvd.', 'Eugene', 'OR', '97403', 'EE.UU.'),
(11041, 'CHOPS', 3, '2021-04-22 13:21:00.000', '20210520', '20210428', 2, 48.2200, 'Chop-suey Chinese', 'Hauptstr. 31', 'Bern', NULL, '3012', 'Suiza'),
(11042, 'COMMI', 2, '2021-04-22 13:35:00.000', '20210506', '20210501', 1, 29.9900, 'Comércio Mineiro', 'Av. dos Lusíadas, 23', 'Sao Paulo', 'SP', '05432-043', 'Brasil'),
(11043, 'SPECD', 5, '2021-04-22 14:33:00.000', '20210520', '20210429', 2, 8.8000, 'Spécialités du monde', '25, rue Lauriston', 'Paris', NULL, '75016', 'Francia'),
(11044, 'WOLZA', 4, '2021-04-23 18:12:00.000', '20210521', '20210501', 1, 8.7200, 'Wolski Zajazd', 'ul. Filtrowa 68', 'Warszawa', NULL, '01-012', 'Polonia'),
(11045, 'BOTTM', 6, '2021-04-23 18:11:00.000', '20210521', NULL, 2, 70.5800, 'Bottom-Dollar Markets', '23 Tsawassen Blvd.', 'Tsawassen', 'BC', 'T2F 8M4', 'Canadá'),
(11046, 'WANDK', 8, '2021-04-23 18:18:00.000', '20210521', '20210424', 2, 71.6400, 'Die Wandernde Kuh', 'Adenauerallee 900', 'Stuttgart', NULL, '70563', 'Alemania'),
(11047, 'EASTC', 7, '2021-04-24 18:10:00.000', '20210522', '20210501', 3, 46.6200, 'Eastern Connection', '35 King George', 'London', NULL, 'WX3 6FW', 'Reino Unido'),
(11048, 'BOTTM', 7, '2021-04-24 17:41:00.000', '20210522', '20210430', 3, 24.1200, 'Bottom-Dollar Markets', '23 Tsawassen Blvd.', 'Tsawassen', 'BC', 'T2F 8M4', 'Canadá'),
(11049, 'GOURL', 3, '2021-04-24 14:36:00.000', '20210522', '20210504', 1, 8.3400, 'Gourmet Lanchonetes', 'Av. Brasil, 442', 'Campinas', 'SP', '04876-786', 'Brasil'),
(11050, 'FOLKO', 8, '2021-04-27 12:47:00.000', '20210525', '20210505', 2, 59.4100, 'Folk och fä HB', 'Åkergatan 24', 'Bräcke', NULL, 'S-844 67', 'Suecia'),
(11051, 'LAMAI', 7, '2021-04-27 18:32:00.000', '20210525', NULL, 3, 2.7900, 'La maison d''Asie', '1 rue Alsace-Lorraine', 'Toulouse', NULL, '31000', 'Francia'),
(11052, 'HANAR', 3, '2021-04-27 14:17:00.000', '20210525', '20210501', 1, 67.2600, 'Hanari Carnes', 'Rua do Paço, 67', 'Rio de Janeiro', 'RJ', '05454-876', 'Brasil'),
(11053, 'PICCO', 2, '2021-04-27 14:48:00.000', '20210525', '20210429', 2, 53.0500, 'Piccolo und mehr', 'Geislweg 14', 'Salzburg', NULL, '5020', 'Austria'),
(11054, 'CACTU', 8, '2021-04-28 18:35:00.000', '20210526', NULL, 1, 0.3300, 'Cactus Comidas para llevar', 'Cerrito 333', 'Buenos Aires', NULL, '1010', 'Argentina'),
(11055, 'HILAA', 7, '2021-04-28 18:18:00.000', '20210526', '20210505', 2, 120.9200, 'HILARION-Abastos', 'Carrera 22 con Ave. Carlos Soublette #8-35', 'San Cristóbal', 'Táchira', '5022', 'Venezuela'),
(11056, 'EASTC', 8, '2021-04-28 15:21:00.000', '20210512', '20210501', 2, 278.9600, 'Eastern Connection', '35 King George', 'London', NULL, 'WX3 6FW', 'Reino Unido'),
(11057, 'NORTS', 3, '2021-04-29 13:51:00.000', '20210527', '20210501', 3, 4.1300, 'North/South', 'South House 300 Queensbridge', 'London', NULL, 'SW7 1RZ', 'Reino Unido'),
(11058, 'BLAUS', 9, '2021-04-29 16:42:00.000', '20210527', NULL, 3, 31.1400, 'Blauer See Delikatessen', 'Forsterstr. 57', 'Mannheim', NULL, '68306', 'Alemania'),
(11059, 'RICAR', 2, '2021-04-29 15:31:00.000', '20210610', NULL, 2, 85.8000, 'Ricardo Adocicados', 'Av. Copacabana, 267', 'Rio de Janeiro', 'RJ', '02389-890', 'Brasil'),
(11060, 'FRANS', 2, '2021-04-30 15:58:00.000', '20210528', '20210504', 2, 10.9800, 'Franchi S.p.A.', 'Via Monte Bianco 34', 'Torino', NULL, '10100', 'Italia'),
(11061, 'GREAL', 4, '2021-04-30 13:37:00.000', '20210611', NULL, 3, 14.0100, 'Great Lakes Food Market', '2732 Baker Blvd.', 'Eugene', 'OR', '97403', 'EE.UU.'),
(11062, 'REGGC', 4, '2021-04-30 13:40:00.000', '20210528', NULL, 2, 29.9300, 'Reggiani Caseifici', 'Strada Provinciale 124', 'Reggio Emilia', NULL, '42100', 'Italia'),
(11063, 'HUNGO', 3, '2021-04-30 14:53:00.000', '20210528', '20210506', 2, 81.7300, 'Hungry Owl All-Night Grocers', '8 Johnstown Road', 'Cork', 'Co. Cork', NULL, 'Irlanda'),
(11064, 'SAVEA', 1, '2021-05-01 18:19:00.000', '20210529', '20210504', 1, 30.0900, 'Save-a-lot Markets', '187 Suffolk Ln.', 'Boise', 'ID', '83720', 'EE.UU.'),
(11065, 'LILAS', 8, '2021-05-01 16:36:00.000', '20210529', NULL, 1, 12.9100, 'LILA-Supermercado', 'Carrera 52 con Ave. Bolívar #65-98 Llano Largo', 'Barquisimeto', 'Lara', '3508', 'Venezuela'),
(11066, 'WHITC', 7, '2021-05-01 14:56:00.000', '20210529', '20210504', 2, 44.7200, 'White Clover Markets', '1029 - 12th Ave. S.', 'Seattle', 'WA', '98124', 'EE.UU.'),
(11067, 'DRACD', 1, '2021-05-04 12:19:00.000', '20210518', '20210506', 2, 7.9800, 'Drachenblut Delikatessen', 'Walserweg 21', 'Aachen', NULL, '52066', 'Alemania'),
(11068, 'QUEEN', 8, '2021-05-04 14:13:00.000', '20210601', NULL, 2, 81.7500, 'Queen Cozinha', 'Alameda dos Canàrios, 891', 'Sao Paulo', 'SP', '05487-020', 'Brasil'),
(11069, 'TORTU', 1, '2021-05-04 18:28:00.000', '20210601', '20210506', 2, 15.6700, 'Tortuga Restaurante', 'Avda. Azteca 123', 'México D.F.', NULL, '05033', 'Mexico'),
(11070, 'LEHMS', 2, '2021-05-05 16:25:00.000', '20210602', NULL, 1, 136.0000, 'Lehmanns Marktstand', 'Magazinweg 7', 'Frankfurt a.M.', NULL, '60528', 'Alemania'),
(11071, 'LILAS', 1, '2021-05-05 17:49:00.000', '20210602', NULL, 1, 0.9300, 'LILA-Supermercado', 'Carrera 52 con Ave. Bolívar #65-98 Llano Largo', 'Barquisimeto', 'Lara', '3508', 'Venezuela'),
(11072, 'ERNSH', 4, '2021-05-05 18:32:00.000', '20210602', NULL, 2, 258.6400, 'Ernst Handel', 'Kirchgasse 6', 'Graz', NULL, '8010', 'Austria'),
(11073, 'PERIC', 2, '2021-05-05 17:30:00.000', '20210602', NULL, 2, 24.9500, 'Pericles Comidas clásicas', 'Calle Dr. Jorge Cash 321', 'México D.F.', NULL, '05033', 'Mexico'),
(11074, 'SIMOB', 7, '2021-05-06 18:32:00.000', '20210603', NULL, 2, 18.4400, 'Simons bistro', 'Vinbæltet 34', 'Kobenhavn', NULL, '1734', 'Dinamarca'),
(11075, 'RICSU', 8, '2021-05-06 13:39:00.000', '20210603', NULL, 2, 6.1900, 'Richter Supermarkt', 'Starenweg 5', 'Genève', NULL, '1204', 'Suiza'),
(11076, 'BONAP', 4, '2021-05-06 17:40:00.000', '20210603', NULL, 2, 38.2800, 'Bon app''', '12, rue des Bouchers', 'Marseille', NULL, '13008', 'Francia'),
(11077, 'RATTC', 1, '2021-05-06 18:40:00.000', '20210603', NULL, 2, 8.5300, 'Rattlesnake Canyon Grocery', '2817 Milton Dr.', 'Albuquerque', 'NM', '87110', 'EE.UU.');

INSERT INTO "Detalles Pedido" (IDPedido, IDProducto, PrecioUnitario, Cantidad, Descuento) VALUES
(10248, 11, 14.0000, 12, 0),
(10248, 42, 9.8000, 10, 0),
(10248, 72, 34.8000, 5, 0),
(10249, 14, 18.6000, 9, 0),
(10249, 51, 42.4000, 40, 0),
(10250, 41, 7.7000, 10, 0),
(10250, 51, 42.4000, 35, 0.15),
(10250, 65, 16.8000, 15, 0.15),
(10251, 22, 16.8000, 6, 0.05),
(10251, 57, 15.6000, 15, 0.05),
(10251, 65, 16.8000, 20, 0),
(10252, 20, 64.8000, 40, 0.05),
(10252, 33, 2.0000, 25, 0.05),
(10252, 60, 27.2000, 40, 0),
(10253, 31, 10.0000, 20, 0),
(10253, 39, 14.4000, 42, 0),
(10253, 49, 16.0000, 40, 0),
(10254, 24, 3.6000, 15, 0.15),
(10254, 55, 19.2000, 21, 0.15),
(10254, 74, 8.0000, 21, 0),
(10255, 2, 15.2000, 20, 0),
(10255, 16, 13.9000, 35, 0),
(10255, 36, 15.2000, 25, 0),
(10255, 59, 44.0000, 30, 0),
(10256, 53, 26.2000, 15, 0),
(10256, 77, 10.4000, 12, 0),
(10257, 27, 35.1000, 25, 0),
(10257, 39, 14.4000, 6, 0),
(10257, 77, 10.4000, 15, 0),
(10258, 2, 15.2000, 50, 0.2),
(10258, 5, 17.0000, 65, 0.2),
(10258, 32, 25.6000, 6, 0.2),
(10259, 21, 8.0000, 10, 0),
(10259, 37, 20.8000, 1, 0),
(10260, 41, 7.7000, 16, 0.25),
(10260, 57, 15.6000, 50, 0),
(10260, 62, 39.4000, 15, 0.25),
(10260, 70, 12.0000, 21, 0.25),
(10261, 21, 8.0000, 20, 0),
(10261, 35, 14.4000, 20, 0),
(10262, 5, 17.0000, 12, 0.2),
(10262, 7, 24.0000, 15, 0),
(10262, 56, 30.4000, 2, 0),
(10263, 16, 13.9000, 60, 0.25),
(10263, 24, 3.6000, 28, 0),
(10263, 30, 20.7000, 60, 0.25),
(10263, 74, 8.0000, 36, 0.25),
(10264, 2, 15.2000, 35, 0),
(10264, 41, 7.7000, 25, 0.15),
(10265, 17, 31.2000, 30, 0),
(10265, 70, 12.0000, 20, 0),
(10266, 12, 30.4000, 12, 0.05),
(10267, 40, 14.7000, 50, 0),
(10267, 59, 44.0000, 70, 0.15),
(10267, 76, 14.4000, 15, 0.15),
(10268, 29, 99.0000, 10, 0),
(10268, 72, 27.8000, 4, 0),
(10269, 33, 2.0000, 60, 0.05),
(10269, 72, 27.8000, 20, 0.05),
(10270, 36, 15.2000, 30, 0),
(10270, 43, 36.8000, 25, 0),
(10271, 33, 2.0000, 24, 0),
(10272, 20, 64.8000, 6, 0),
(10272, 31, 10.0000, 40, 0),
(10272, 72, 27.8000, 24, 0),
(10273, 10, 24.8000, 24, 0.05),
(10273, 31, 10.0000, 15, 0.05),
(10273, 33, 2.0000, 20, 0),
(10273, 40, 14.7000, 60, 0.05),
(10273, 76, 14.4000, 33, 0.05),
(10274, 71, 17.2000, 20, 0),
(10274, 72, 27.8000, 7, 0),
(10275, 24, 3.6000, 12, 0.05),
(10275, 59, 44.0000, 6, 0.05),
(10276, 10, 24.8000, 15, 0),
(10276, 13, 4.8000, 10, 0),
(10277, 28, 36.4000, 20, 0),
(10277, 62, 39.4000, 12, 0),
(10278, 44, 15.5000, 16, 0),
(10278, 59, 44.0000, 15, 0),
(10278, 63, 35.1000, 8, 0),
(10278, 73, 12.0000, 25, 0),
(10279, 17, 31.2000, 15, 0.25),
(10280, 24, 3.6000, 12, 0),
(10280, 55, 19.2000, 20, 0),
(10280, 75, 6.2000, 30, 0),
(10281, 19, 7.3000, 1, 0),
(10281, 24, 3.6000, 6, 0),
(10281, 35, 14.4000, 4, 0),
(10282, 30, 20.7000, 6, 0),
(10282, 57, 15.6000, 2, 0),
(10283, 15, 12.4000, 20, 0),
(10283, 19, 7.3000, 18, 0),
(10283, 60, 27.2000, 35, 0),
(10283, 72, 27.8000, 3, 0),
(10284, 27, 35.1000, 15, 0.25),
(10284, 44, 15.5000, 21, 0),
(10284, 60, 27.2000, 20, 0.25),
(10284, 67, 11.2000, 5, 0.25),
(10285, 1, 14.4000, 45, 0.2),
(10285, 40, 14.7000, 40, 0.2),
(10285, 53, 26.2000, 36, 0.2),
(10286, 35, 14.4000, 100, 0),
(10286, 62, 39.4000, 40, 0),
(10287, 16, 13.9000, 40, 0.15),
(10287, 34, 11.2000, 20, 0),
(10287, 46, 9.6000, 15, 0.15),
(10288, 54, 5.9000, 10, 0.1),
(10288, 68, 10.0000, 3, 0.1),
(10289, 3, 8.0000, 30, 0),
(10289, 64, 26.6000, 9, 0),
(10290, 5, 17.0000, 20, 0),
(10290, 29, 99.0000, 15, 0),
(10290, 49, 16.0000, 15, 0),
(10290, 77, 10.4000, 10, 0),
(10291, 13, 4.8000, 20, 0.1),
(10291, 44, 15.5000, 24, 0.1),
(10291, 51, 42.4000, 2, 0.1),
(10292, 20, 64.8000, 20, 0),
(10293, 18, 50.0000, 12, 0),
(10293, 24, 3.6000, 10, 0),
(10293, 63, 35.1000, 5, 0),
(10293, 75, 6.2000, 6, 0),
(10294, 1, 14.4000, 18, 0),
(10294, 17, 31.2000, 15, 0),
(10294, 43, 36.8000, 15, 0),
(10294, 60, 27.2000, 21, 0),
(10294, 75, 6.2000, 6, 0),
(10295, 56, 30.4000, 4, 0),
(10296, 11, 16.8000, 12, 0),
(10296, 16, 13.9000, 30, 0),
(10296, 69, 28.8000, 15, 0),
(10297, 39, 14.4000, 60, 0),
(10297, 72, 27.8000, 20, 0),
(10298, 2, 15.2000, 40, 0),
(10298, 36, 15.2000, 40, 0.25),
(10298, 59, 44.0000, 30, 0.25),
(10298, 62, 39.4000, 15, 0),
(10299, 19, 7.3000, 15, 0),
(10299, 70, 12.0000, 20, 0),
(10300, 66, 13.6000, 30, 0),
(10300, 68, 10.0000, 20, 0),
(10301, 40, 14.7000, 10, 0),
(10301, 56, 30.4000, 20, 0),
(10302, 17, 31.2000, 40, 0),
(10302, 28, 36.4000, 28, 0),
(10302, 43, 36.8000, 12, 0),
(10303, 40, 14.7000, 40, 0.1),
(10303, 65, 16.8000, 30, 0.1),
(10303, 68, 10.0000, 15, 0.1),
(10304, 49, 16.0000, 30, 0),
(10304, 59, 44.0000, 10, 0),
(10304, 71, 17.2000, 2, 0),
(10305, 18, 50.0000, 25, 0.1),
(10305, 29, 99.0000, 25, 0.1),
(10305, 39, 14.4000, 30, 0.1),
(10306, 30, 20.7000, 10, 0),
(10306, 53, 26.2000, 10, 0),
(10306, 54, 5.9000, 5, 0),
(10307, 62, 39.4000, 10, 0),
(10307, 68, 10.0000, 3, 0),
(10308, 69, 28.8000, 1, 0),
(10308, 70, 12.0000, 5, 0),
(10309, 4, 17.6000, 20, 0),
(10309, 6, 20.0000, 30, 0),
(10309, 42, 11.2000, 2, 0),
(10309, 43, 36.8000, 20, 0),
(10309, 71, 17.2000, 3, 0),
(10310, 16, 13.9000, 10, 0),
(10310, 62, 39.4000, 5, 0),
(10311, 42, 11.2000, 6, 0),
(10311, 69, 28.8000, 7, 0),
(10312, 28, 36.4000, 4, 0),
(10312, 43, 36.8000, 24, 0),
(10312, 53, 26.2000, 20, 0),
(10312, 75, 6.2000, 10, 0),
(10313, 36, 15.2000, 12, 0),
(10314, 32, 25.6000, 40, 0.1),
(10314, 58, 10.6000, 30, 0.1),
(10314, 62, 39.4000, 25, 0.1),
(10315, 34, 11.2000, 14, 0),
(10315, 70, 12.0000, 30, 0),
(10316, 41, 7.7000, 10, 0),
(10316, 62, 39.4000, 70, 0),
(10317, 1, 14.4000, 20, 0),
(10318, 41, 7.7000, 20, 0),
(10318, 76, 14.4000, 6, 0),
(10319, 17, 31.2000, 8, 0),
(10319, 28, 36.4000, 14, 0),
(10319, 76, 14.4000, 30, 0),
(10320, 71, 17.2000, 30, 0),
(10321, 35, 14.4000, 10, 0),
(10322, 52, 5.6000, 20, 0),
(10323, 15, 12.4000, 5, 0),
(10323, 25, 11.2000, 4, 0),
(10323, 39, 14.4000, 4, 0),
(10324, 16, 13.9000, 21, 0.15),
(10324, 35, 14.4000, 70, 0.15),
(10324, 46, 9.6000, 30, 0),
(10324, 59, 44.0000, 40, 0.15),
(10324, 63, 35.1000, 80, 0.15),
(10325, 6, 20.0000, 6, 0),
(10325, 13, 4.8000, 12, 0),
(10325, 14, 18.6000, 9, 0),
(10325, 31, 10.0000, 4, 0),
(10325, 72, 27.8000, 40, 0),
(10326, 4, 17.6000, 24, 0),
(10326, 57, 15.6000, 16, 0),
(10326, 75, 6.2000, 50, 0),
(10327, 2, 15.2000, 25, 0.2),
(10327, 11, 16.8000, 50, 0.2),
(10327, 30, 20.7000, 35, 0.2),
(10327, 58, 10.6000, 30, 0.2),
(10328, 59, 44.0000, 9, 0),
(10328, 65, 16.8000, 40, 0),
(10328, 68, 10.0000, 10, 0),
(10329, 19, 7.3000, 10, 0.05),
(10329, 30, 20.7000, 8, 0.05),
(10329, 38, 210.8000, 20, 0.05),
(10329, 56, 30.4000, 12, 0.05),
(10330, 26, 24.9000, 50, 0.15),
(10330, 72, 27.8000, 25, 0.15),
(10331, 54, 5.9000, 15, 0),
(10332, 18, 50.0000, 40, 0.2),
(10332, 42, 11.2000, 10, 0.2),
(10332, 47, 7.6000, 16, 0.2),
(10333, 14, 18.6000, 10, 0),
(10333, 21, 8.0000, 10, 0.1),
(10333, 71, 17.2000, 40, 0.1),
(10334, 52, 5.6000, 8, 0),
(10334, 68, 10.0000, 10, 0),
(10335, 2, 15.2000, 7, 0.2),
(10335, 31, 10.0000, 25, 0.2),
(10335, 32, 25.6000, 6, 0.2),
(10335, 51, 42.4000, 48, 0.2),
(10336, 4, 17.6000, 18, 0.1),
(10337, 23, 7.2000, 40, 0),
(10337, 26, 24.9000, 24, 0),
(10337, 36, 15.2000, 20, 0),
(10337, 37, 20.8000, 28, 0),
(10337, 72, 27.8000, 25, 0),
(10338, 17, 31.2000, 20, 0),
(10338, 30, 20.7000, 15, 0),
(10339, 4, 17.6000, 10, 0),
(10339, 17, 31.2000, 70, 0.05),
(10339, 62, 39.4000, 28, 0),
(10340, 18, 50.0000, 20, 0.05),
(10340, 41, 7.7000, 12, 0.05),
(10340, 43, 36.8000, 40, 0.05),
(10341, 33, 2.0000, 8, 0),
(10341, 59, 44.0000, 9, 0.15),
(10342, 2, 15.2000, 24, 0.2),
(10342, 31, 10.0000, 56, 0.2),
(10342, 36, 15.2000, 40, 0.2),
(10342, 55, 19.2000, 40, 0.2),
(10343, 64, 26.6000, 50, 0),
(10343, 68, 10.0000, 4, 0.05),
(10343, 76, 14.4000, 15, 0),
(10344, 4, 17.6000, 35, 0),
(10344, 8, 32.0000, 70, 0.25),
(10345, 8, 32.0000, 70, 0),
(10345, 19, 7.3000, 80, 0),
(10345, 42, 11.2000, 9, 0),
(10346, 17, 31.2000, 36, 0.1),
(10346, 56, 30.4000, 20, 0),
(10347, 25, 11.2000, 10, 0),
(10347, 39, 14.4000, 50, 0.15),
(10347, 40, 14.7000, 4, 0),
(10347, 75, 6.2000, 6, 0.15),
(10348, 1, 14.4000, 15, 0.15),
(10348, 23, 7.2000, 25, 0),
(10349, 54, 5.9000, 24, 0),
(10350, 50, 13.0000, 15, 0.1),
(10350, 69, 28.8000, 18, 0.1),
(10351, 38, 210.8000, 20, 0.05),
(10351, 41, 7.7000, 13, 0),
(10351, 44, 15.5000, 77, 0.05),
(10351, 65, 16.8000, 10, 0.05),
(10352, 24, 3.6000, 10, 0),
(10352, 54, 5.9000, 20, 0.15),
(10353, 11, 16.8000, 12, 0.2),
(10353, 38, 210.8000, 50, 0.2),
(10354, 1, 14.4000, 12, 0),
(10354, 29, 99.0000, 4, 0),
(10355, 24, 3.6000, 25, 0),
(10355, 57, 15.6000, 25, 0),
(10356, 31, 10.0000, 30, 0),
(10356, 55, 19.2000, 12, 0),
(10356, 69, 28.8000, 20, 0),
(10357, 10, 24.8000, 30, 0.2),
(10357, 26, 24.9000, 16, 0),
(10357, 60, 27.2000, 8, 0.2),
(10358, 24, 3.6000, 10, 0.05),
(10358, 34, 11.2000, 10, 0.05),
(10358, 36, 15.2000, 20, 0.05),
(10359, 16, 13.9000, 56, 0.05),
(10359, 31, 10.0000, 70, 0.05),
(10359, 60, 27.2000, 80, 0.05),
(10360, 28, 36.4000, 30, 0),
(10360, 29, 99.0000, 35, 0),
(10360, 38, 210.8000, 10, 0),
(10360, 49, 16.0000, 35, 0),
(10360, 54, 5.9000, 28, 0),
(10361, 39, 14.4000, 54, 0.1),
(10361, 60, 27.2000, 55, 0.1),
(10362, 25, 11.2000, 50, 0),
(10362, 51, 42.4000, 20, 0),
(10362, 54, 5.9000, 24, 0),
(10363, 31, 10.0000, 20, 0),
(10363, 75, 6.2000, 12, 0),
(10363, 76, 14.4000, 12, 0),
(10364, 69, 28.8000, 30, 0),
(10364, 71, 17.2000, 5, 0),
(10365, 11, 16.8000, 24, 0),
(10366, 65, 16.8000, 5, 0),
(10366, 77, 10.4000, 5, 0),
(10367, 34, 11.2000, 36, 0),
(10367, 54, 5.9000, 18, 0),
(10367, 65, 16.8000, 15, 0),
(10367, 77, 10.4000, 7, 0),
(10368, 21, 8.0000, 5, 0.1),
(10368, 28, 36.4000, 13, 0.1),
(10368, 57, 15.6000, 25, 0),
(10368, 64, 26.6000, 35, 0.1),
(10369, 29, 99.0000, 20, 0),
(10369, 56, 30.4000, 18, 0.25),
(10370, 1, 14.4000, 15, 0.15),
(10370, 64, 26.6000, 30, 0),
(10370, 74, 8.0000, 20, 0.15),
(10371, 36, 15.2000, 6, 0.2),
(10372, 20, 64.8000, 12, 0.25),
(10372, 38, 210.8000, 40, 0.25),
(10372, 60, 27.2000, 70, 0.25),
(10372, 72, 27.8000, 42, 0.25),
(10373, 58, 10.6000, 80, 0.2),
(10373, 71, 17.2000, 50, 0.2),
(10374, 31, 10.0000, 30, 0),
(10374, 58, 10.6000, 15, 0),
(10375, 14, 18.6000, 15, 0),
(10375, 54, 5.9000, 10, 0),
(10376, 31, 10.0000, 42, 0.05),
(10377, 28, 36.4000, 20, 0.15),
(10377, 39, 14.4000, 20, 0.15),
(10378, 71, 17.2000, 6, 0),
(10379, 41, 7.7000, 8, 0.1),
(10379, 63, 35.1000, 16, 0.1),
(10379, 65, 16.8000, 20, 0.1),
(10380, 30, 20.7000, 18, 0.1),
(10380, 53, 26.2000, 20, 0.1),
(10380, 60, 27.2000, 6, 0.1),
(10380, 70, 12.0000, 30, 0),
(10381, 74, 8.0000, 14, 0),
(10382, 5, 17.0000, 32, 0),
(10382, 18, 50.0000, 9, 0),
(10382, 29, 99.0000, 14, 0),
(10382, 33, 2.0000, 60, 0),
(10382, 74, 8.0000, 50, 0),
(10383, 13, 4.8000, 20, 0),
(10383, 50, 13.0000, 15, 0),
(10383, 56, 30.4000, 20, 0),
(10384, 20, 64.8000, 28, 0),
(10384, 60, 27.2000, 15, 0),
(10385, 7, 24.0000, 10, 0.2),
(10385, 60, 27.2000, 20, 0.2),
(10385, 68, 10.0000, 8, 0.2),
(10386, 24, 3.6000, 15, 0),
(10386, 34, 11.2000, 10, 0),
(10387, 24, 3.6000, 15, 0),
(10387, 28, 36.4000, 6, 0),
(10387, 59, 44.0000, 12, 0),
(10387, 71, 17.2000, 15, 0),
(10388, 45, 7.6000, 15, 0.2),
(10388, 52, 5.6000, 20, 0.2),
(10388, 53, 26.2000, 40, 0),
(10389, 10, 24.8000, 16, 0),
(10389, 55, 19.2000, 15, 0),
(10389, 62, 39.4000, 20, 0),
(10389, 70, 12.0000, 30, 0),
(10390, 31, 10.0000, 60, 0.1),
(10390, 35, 14.4000, 40, 0.1),
(10390, 46, 9.6000, 45, 0),
(10390, 72, 27.8000, 24, 0.1),
(10391, 13, 4.8000, 18, 0),
(10392, 69, 28.8000, 50, 0),
(10393, 2, 15.2000, 25, 0.25),
(10393, 14, 18.6000, 42, 0.25),
(10393, 25, 11.2000, 7, 0.25),
(10393, 26, 24.9000, 70, 0.25),
(10393, 31, 10.0000, 32, 0),
(10394, 13, 4.8000, 10, 0),
(10394, 62, 39.4000, 10, 0),
(10395, 46, 9.6000, 28, 0.1),
(10395, 53, 26.2000, 70, 0.1),
(10395, 69, 28.8000, 8, 0),
(10396, 23, 7.2000, 40, 0),
(10396, 71, 17.2000, 60, 0),
(10396, 72, 27.8000, 21, 0),
(10397, 21, 8.0000, 10, 0.15),
(10397, 51, 42.4000, 18, 0.15),
(10398, 35, 14.4000, 30, 0),
(10398, 55, 19.2000, 120, 0.1),
(10399, 68, 10.0000, 60, 0),
(10399, 71, 17.2000, 30, 0),
(10399, 76, 14.4000, 35, 0),
(10399, 77, 10.4000, 14, 0),
(10400, 29, 99.0000, 21, 0),
(10400, 35, 14.4000, 35, 0),
(10400, 49, 16.0000, 30, 0),
(10401, 30, 20.7000, 18, 0),
(10401, 56, 30.4000, 70, 0),
(10401, 65, 16.8000, 20, 0),
(10401, 71, 17.2000, 60, 0),
(10402, 23, 7.2000, 60, 0),
(10402, 63, 35.1000, 65, 0),
(10403, 16, 13.9000, 21, 0.15),
(10403, 48, 10.2000, 70, 0.15),
(10404, 26, 24.9000, 30, 0.05),
(10404, 42, 11.2000, 40, 0.05),
(10404, 49, 16.0000, 30, 0.05),
(10405, 3, 8.0000, 50, 0),
(10406, 1, 14.4000, 10, 0),
(10406, 21, 8.0000, 30, 0.1),
(10406, 28, 36.4000, 42, 0.1),
(10406, 36, 15.2000, 5, 0.1),
(10406, 40, 14.7000, 2, 0.1),
(10407, 11, 16.8000, 30, 0),
(10407, 69, 28.8000, 15, 0),
(10407, 71, 17.2000, 15, 0),
(10408, 37, 20.8000, 10, 0),
(10408, 54, 5.9000, 6, 0),
(10408, 62, 39.4000, 35, 0),
(10409, 14, 18.6000, 12, 0),
(10409, 21, 8.0000, 12, 0),
(10410, 33, 2.0000, 49, 0),
(10410, 59, 44.0000, 16, 0),
(10411, 41, 7.7000, 25, 0.2),
(10411, 44, 15.5000, 40, 0.2),
(10411, 59, 44.0000, 9, 0.2),
(10412, 14, 18.6000, 20, 0.1),
(10413, 1, 14.4000, 24, 0),
(10413, 62, 39.4000, 40, 0),
(10413, 76, 14.4000, 14, 0),
(10414, 19, 7.3000, 18, 0.05),
(10414, 33, 2.0000, 50, 0),
(10415, 17, 31.2000, 2, 0),
(10415, 33, 2.0000, 20, 0),
(10416, 19, 7.3000, 20, 0),
(10416, 53, 26.2000, 10, 0),
(10416, 57, 15.6000, 20, 0),
(10417, 38, 210.8000, 50, 0),
(10417, 46, 9.6000, 2, 0.25),
(10417, 68, 10.0000, 36, 0.25),
(10417, 77, 10.4000, 35, 0),
(10418, 2, 15.2000, 60, 0),
(10418, 47, 7.6000, 55, 0),
(10418, 61, 22.8000, 16, 0),
(10418, 74, 8.0000, 15, 0),
(10419, 60, 27.2000, 60, 0.05),
(10419, 69, 28.8000, 20, 0.05),
(10420, 9, 77.6000, 20, 0.1),
(10420, 13, 4.8000, 2, 0.1),
(10420, 70, 12.0000, 8, 0.1),
(10420, 73, 12.0000, 20, 0.1),
(10421, 19, 7.3000, 4, 0.15),
(10421, 26, 24.9000, 30, 0),
(10421, 53, 26.2000, 15, 0.15),
(10421, 77, 10.4000, 10, 0.15),
(10422, 26, 24.9000, 2, 0),
(10423, 31, 10.0000, 14, 0),
(10423, 59, 44.0000, 20, 0),
(10424, 35, 14.4000, 60, 0.2),
(10424, 38, 210.8000, 49, 0.2),
(10424, 68, 10.0000, 30, 0.2),
(10425, 55, 19.2000, 10, 0.25),
(10425, 76, 14.4000, 20, 0.25),
(10426, 56, 30.4000, 5, 0),
(10426, 64, 26.6000, 7, 0),
(10427, 14, 18.6000, 35, 0),
(10428, 46, 9.6000, 20, 0),
(10429, 50, 13.0000, 40, 0),
(10429, 63, 35.1000, 35, 0.25),
(10430, 17, 31.2000, 45, 0.2),
(10430, 21, 8.0000, 50, 0),
(10430, 56, 30.4000, 30, 0),
(10430, 59, 44.0000, 70, 0.2),
(10431, 17, 31.2000, 50, 0.25),
(10431, 40, 14.7000, 50, 0.25),
(10431, 47, 7.6000, 30, 0.25),
(10432, 26, 24.9000, 10, 0),
(10432, 54, 5.9000, 40, 0),
(10433, 56, 30.4000, 28, 0),
(10434, 11, 16.8000, 6, 0),
(10434, 76, 14.4000, 18, 0.15),
(10435, 2, 15.2000, 10, 0),
(10435, 22, 16.8000, 12, 0),
(10435, 72, 27.8000, 10, 0),
(10436, 46, 9.6000, 5, 0),
(10436, 56, 30.4000, 40, 0.1),
(10436, 64, 26.6000, 30, 0.1),
(10436, 75, 6.2000, 24, 0.1),
(10437, 53, 26.2000, 15, 0),
(10438, 19, 7.3000, 15, 0.2),
(10438, 34, 11.2000, 20, 0.2),
(10438, 57, 15.6000, 15, 0.2),
(10439, 12, 30.4000, 15, 0),
(10439, 16, 13.9000, 16, 0),
(10439, 64, 26.6000, 6, 0),
(10439, 74, 8.0000, 30, 0),
(10440, 2, 15.2000, 45, 0.15),
(10440, 16, 13.9000, 49, 0.15),
(10440, 29, 99.0000, 24, 0.15),
(10440, 61, 22.8000, 90, 0.15),
(10441, 27, 35.1000, 50, 0),
(10442, 11, 16.8000, 30, 0),
(10442, 54, 5.9000, 80, 0),
(10442, 66, 13.6000, 60, 0),
(10443, 11, 16.8000, 6, 0.2),
(10443, 28, 36.4000, 12, 0),
(10444, 17, 31.2000, 10, 0),
(10444, 26, 24.9000, 15, 0),
(10444, 35, 14.4000, 8, 0),
(10444, 41, 7.7000, 30, 0),
(10445, 39, 14.4000, 6, 0),
(10445, 54, 5.9000, 15, 0),
(10446, 19, 7.3000, 12, 0.1),
(10446, 24, 3.6000, 20, 0.1),
(10446, 31, 10.0000, 3, 0.1),
(10446, 52, 5.6000, 15, 0.1),
(10447, 19, 7.3000, 40, 0),
(10447, 65, 16.8000, 35, 0),
(10447, 71, 17.2000, 2, 0),
(10448, 26, 24.9000, 6, 0),
(10448, 40, 14.7000, 20, 0),
(10449, 10, 24.8000, 14, 0),
(10449, 52, 5.6000, 20, 0),
(10449, 62, 39.4000, 35, 0),
(10450, 10, 24.8000, 20, 0.2),
(10450, 54, 5.9000, 6, 0.2),
(10451, 55, 19.2000, 120, 0.1),
(10451, 64, 26.6000, 35, 0.1),
(10451, 65, 16.8000, 28, 0.1),
(10451, 77, 10.4000, 55, 0.1),
(10452, 28, 36.4000, 15, 0),
(10452, 44, 15.5000, 100, 0.05),
(10453, 48, 10.2000, 15, 0.1),
(10453, 70, 12.0000, 25, 0.1),
(10454, 16, 13.9000, 20, 0.2),
(10454, 33, 2.0000, 20, 0.2),
(10454, 46, 9.6000, 10, 0.2),
(10455, 39, 14.4000, 20, 0),
(10455, 53, 26.2000, 50, 0),
(10455, 61, 22.8000, 25, 0),
(10455, 71, 17.2000, 30, 0),
(10456, 21, 8.0000, 40, 0.15),
(10456, 49, 16.0000, 21, 0.15),
(10457, 59, 44.0000, 36, 0),
(10458, 26, 24.9000, 30, 0),
(10458, 28, 36.4000, 30, 0),
(10458, 43, 36.8000, 20, 0),
(10458, 56, 30.4000, 15, 0),
(10458, 71, 17.2000, 50, 0),
(10459, 7, 24.0000, 16, 0.05),
(10459, 46, 9.6000, 20, 0.05),
(10459, 72, 27.8000, 40, 0),
(10460, 68, 10.0000, 21, 0.25),
(10460, 75, 6.2000, 4, 0.25),
(10461, 21, 8.0000, 40, 0.25),
(10461, 30, 20.7000, 28, 0.25),
(10461, 55, 19.2000, 60, 0.25),
(10462, 13, 4.8000, 1, 0),
(10462, 23, 7.2000, 21, 0),
(10463, 19, 7.3000, 21, 0),
(10463, 42, 11.2000, 50, 0),
(10464, 4, 17.6000, 16, 0.2),
(10464, 43, 36.8000, 3, 0),
(10464, 56, 30.4000, 30, 0.2),
(10464, 60, 27.2000, 20, 0),
(10465, 24, 3.6000, 25, 0),
(10465, 29, 99.0000, 18, 0.1),
(10465, 40, 14.7000, 20, 0),
(10465, 45, 7.6000, 30, 0.1),
(10465, 50, 13.0000, 25, 0),
(10466, 11, 16.8000, 10, 0),
(10466, 46, 9.6000, 5, 0),
(10467, 24, 3.6000, 28, 0),
(10467, 25, 11.2000, 12, 0),
(10468, 30, 20.7000, 8, 0),
(10468, 43, 36.8000, 15, 0),
(10469, 2, 15.2000, 40, 0.15),
(10469, 16, 13.9000, 35, 0.15),
(10469, 44, 15.5000, 2, 0.15),
(10470, 18, 50.0000, 30, 0),
(10470, 23, 7.2000, 15, 0),
(10470, 64, 26.6000, 8, 0),
(10471, 7, 24.0000, 30, 0),
(10471, 56, 30.4000, 20, 0),
(10472, 24, 3.6000, 80, 0.05),
(10472, 51, 42.4000, 18, 0),
(10473, 33, 2.0000, 12, 0),
(10473, 71, 17.2000, 12, 0),
(10474, 14, 18.6000, 12, 0),
(10474, 28, 36.4000, 18, 0),
(10474, 40, 14.7000, 21, 0),
(10474, 75, 6.2000, 10, 0),
(10475, 31, 10.0000, 35, 0.15),
(10475, 66, 13.6000, 60, 0.15),
(10475, 76, 14.4000, 42, 0.15),
(10476, 55, 19.2000, 2, 0.05),
(10476, 70, 12.0000, 12, 0),
(10477, 1, 14.4000, 15, 0),
(10477, 21, 8.0000, 21, 0.25),
(10477, 39, 14.4000, 20, 0.25),
(10478, 10, 24.8000, 20, 0.05),
(10479, 38, 210.8000, 30, 0),
(10479, 53, 26.2000, 28, 0),
(10479, 59, 44.0000, 60, 0),
(10479, 64, 26.6000, 30, 0),
(10480, 47, 7.6000, 30, 0),
(10480, 59, 44.0000, 12, 0),
(10481, 49, 16.0000, 24, 0),
(10481, 60, 27.2000, 40, 0),
(10482, 40, 14.7000, 10, 0),
(10483, 34, 11.2000, 35, 0.05),
(10483, 77, 10.4000, 30, 0.05),
(10484, 21, 8.0000, 14, 0),
(10484, 40, 14.7000, 10, 0),
(10484, 51, 42.4000, 3, 0),
(10485, 2, 15.2000, 20, 0.1),
(10485, 3, 8.0000, 20, 0.1),
(10485, 55, 19.2000, 30, 0.1),
(10485, 70, 12.0000, 60, 0.1),
(10486, 11, 16.8000, 5, 0),
(10486, 51, 42.4000, 25, 0),
(10486, 74, 8.0000, 16, 0),
(10487, 19, 7.3000, 5, 0),
(10487, 26, 24.9000, 30, 0),
(10487, 54, 5.9000, 24, 0.25),
(10488, 59, 44.0000, 30, 0),
(10488, 73, 12.0000, 20, 0.2),
(10489, 11, 16.8000, 15, 0.25),
(10489, 16, 13.9000, 18, 0),
(10490, 59, 44.0000, 60, 0),
(10490, 68, 10.0000, 30, 0),
(10490, 75, 6.2000, 36, 0),
(10491, 44, 15.5000, 15, 0.15),
(10491, 77, 10.4000, 7, 0.15),
(10492, 25, 11.2000, 60, 0.05),
(10492, 42, 11.2000, 20, 0.05),
(10493, 65, 16.8000, 15, 0.1),
(10493, 66, 13.6000, 10, 0.1),
(10493, 69, 28.8000, 10, 0.1),
(10494, 56, 30.4000, 30, 0),
(10495, 23, 7.2000, 10, 0),
(10495, 41, 7.7000, 20, 0),
(10495, 77, 10.4000, 5, 0),
(10496, 31, 10.0000, 20, 0.05),
(10497, 56, 30.4000, 14, 0),
(10497, 72, 27.8000, 25, 0),
(10497, 77, 10.4000, 25, 0),
(10498, 24, 4.5000, 14, 0),
(10498, 40, 18.4000, 5, 0),
(10498, 42, 14.0000, 30, 0),
(10499, 28, 45.6000, 20, 0),
(10499, 49, 20.0000, 25, 0),
(10500, 15, 15.5000, 12, 0.05),
(10500, 28, 45.6000, 8, 0.05),
(10501, 54, 7.4500, 20, 0),
(10502, 45, 9.5000, 21, 0),
(10502, 53, 32.8000, 6, 0),
(10502, 67, 14.0000, 30, 0),
(10503, 14, 23.2500, 70, 0),
(10503, 65, 21.0500, 20, 0),
(10504, 2, 19.0000, 12, 0),
(10504, 21, 10.0000, 12, 0),
(10504, 53, 32.8000, 10, 0),
(10504, 61, 28.5000, 25, 0),
(10505, 62, 49.3000, 3, 0),
(10506, 25, 14.0000, 18, 0.1),
(10506, 70, 15.0000, 14, 0.1),
(10507, 43, 46.0000, 15, 0.15),
(10507, 48, 12.7500, 15, 0.15),
(10508, 13, 6.0000, 10, 0),
(10508, 39, 18.0000, 10, 0),
(10509, 28, 45.6000, 3, 0),
(10510, 29, 123.7900, 36, 0),
(10510, 75, 7.7500, 36, 0.1),
(10511, 4, 22.0000, 50, 0.15),
(10511, 7, 30.0000, 50, 0.15),
(10511, 8, 40.0000, 10, 0.15),
(10512, 24, 4.5000, 10, 0.15),
(10512, 46, 12.0000, 9, 0.15),
(10512, 47, 9.5000, 6, 0.15),
(10512, 60, 34.0000, 12, 0.15),
(10513, 21, 10.0000, 40, 0.2),
(10513, 32, 32.0000, 50, 0.2),
(10513, 61, 28.5000, 15, 0.2),
(10514, 20, 81.0000, 39, 0),
(10514, 28, 45.6000, 35, 0),
(10514, 56, 38.0000, 70, 0),
(10514, 65, 21.0500, 39, 0),
(10514, 75, 7.7500, 50, 0),
(10515, 9, 97.0000, 16, 0.15),
(10515, 16, 17.4500, 50, 0),
(10515, 27, 43.9000, 120, 0),
(10515, 33, 2.5000, 16, 0.15),
(10515, 60, 34.0000, 84, 0.15),
(10516, 18, 62.5000, 25, 0.1),
(10516, 41, 9.6500, 80, 0.1),
(10516, 42, 14.0000, 20, 0),
(10517, 52, 7.0000, 6, 0),
(10517, 59, 55.0000, 4, 0),
(10517, 70, 15.0000, 6, 0),
(10518, 24, 4.5000, 5, 0),
(10518, 38, 263.5000, 15, 0),
(10518, 44, 19.4500, 9, 0),
(10519, 10, 31.0000, 16, 0.05),
(10519, 56, 38.0000, 40, 0),
(10519, 60, 34.0000, 10, 0.05),
(10520, 24, 4.5000, 8, 0),
(10520, 53, 32.8000, 5, 0),
(10521, 35, 18.0000, 3, 0),
(10521, 41, 9.6500, 10, 0),
(10521, 68, 12.5000, 6, 0),
(10522, 1, 18.0000, 40, 0.2),
(10522, 8, 40.0000, 24, 0),
(10522, 30, 25.8900, 20, 0.2),
(10522, 40, 18.4000, 25, 0.2),
(10523, 17, 39.0000, 25, 0.1),
(10523, 20, 81.0000, 15, 0.1),
(10523, 37, 26.0000, 18, 0.1),
(10523, 41, 9.6500, 6, 0.1),
(10524, 10, 31.0000, 2, 0),
(10524, 30, 25.8900, 10, 0),
(10524, 43, 46.0000, 60, 0),
(10524, 54, 7.4500, 15, 0),
(10525, 36, 19.0000, 30, 0),
(10525, 40, 18.4000, 15, 0.1),
(10526, 1, 18.0000, 8, 0.15),
(10526, 13, 6.0000, 10, 0),
(10526, 56, 38.0000, 30, 0.15),
(10527, 4, 22.0000, 50, 0.1),
(10527, 36, 19.0000, 30, 0.1),
(10528, 11, 21.0000, 3, 0),
(10528, 33, 2.5000, 8, 0.2),
(10528, 72, 34.8000, 9, 0),
(10529, 55, 24.0000, 14, 0),
(10529, 68, 12.5000, 20, 0),
(10529, 69, 36.0000, 10, 0),
(10530, 17, 39.0000, 40, 0),
(10530, 43, 46.0000, 25, 0),
(10530, 61, 28.5000, 20, 0),
(10530, 76, 18.0000, 50, 0),
(10531, 59, 55.0000, 2, 0),
(10532, 30, 25.8900, 15, 0),
(10532, 66, 17.0000, 24, 0),
(10533, 4, 22.0000, 50, 0.05),
(10533, 72, 34.8000, 24, 0),
(10533, 73, 15.0000, 24, 0.05),
(10534, 30, 25.8900, 10, 0),
(10534, 40, 18.4000, 10, 0.2),
(10534, 54, 7.4500, 10, 0.2),
(10535, 11, 21.0000, 50, 0.1),
(10535, 40, 18.4000, 10, 0.1),
(10535, 57, 19.5000, 5, 0.1),
(10535, 59, 55.0000, 15, 0.1),
(10536, 12, 38.0000, 15, 0.25),
(10536, 31, 12.5000, 20, 0),
(10536, 33, 2.5000, 30, 0),
(10536, 60, 34.0000, 35, 0.25),
(10537, 31, 12.5000, 30, 0),
(10537, 51, 53.0000, 6, 0),
(10537, 58, 13.2500, 20, 0),
(10537, 72, 34.8000, 21, 0),
(10537, 73, 15.0000, 9, 0),
(10538, 70, 15.0000, 7, 0),
(10538, 72, 34.8000, 1, 0),
(10539, 13, 6.0000, 8, 0),
(10539, 21, 10.0000, 15, 0),
(10539, 33, 2.5000, 15, 0),
(10539, 49, 20.0000, 6, 0),
(10540, 3, 10.0000, 60, 0),
(10540, 26, 31.2300, 40, 0),
(10540, 38, 263.5000, 30, 0),
(10540, 68, 12.5000, 35, 0),
(10541, 24, 4.5000, 35, 0.1),
(10541, 38, 263.5000, 4, 0.1),
(10541, 65, 21.0500, 36, 0.1),
(10541, 71, 21.5000, 9, 0.1),
(10542, 11, 21.0000, 15, 0.05),
(10542, 54, 7.4500, 24, 0.05),
(10543, 12, 38.0000, 30, 0.15),
(10543, 23, 9.0000, 70, 0.15),
(10544, 28, 45.6000, 7, 0),
(10544, 67, 14.0000, 7, 0),
(10545, 11, 21.0000, 10, 0),
(10546, 7, 30.0000, 10, 0),
(10546, 35, 18.0000, 30, 0),
(10546, 62, 49.3000, 40, 0),
(10547, 32, 32.0000, 24, 0.15),
(10547, 36, 19.0000, 60, 0),
(10548, 34, 14.0000, 10, 0.25),
(10548, 41, 9.6500, 14, 0),
(10549, 31, 12.5000, 55, 0.15),
(10549, 45, 9.5000, 100, 0.15),
(10549, 51, 53.0000, 48, 0.15),
(10550, 17, 39.0000, 8, 0.1),
(10550, 19, 9.2000, 10, 0),
(10550, 21, 10.0000, 6, 0.1),
(10550, 61, 28.5000, 10, 0.1),
(10551, 16, 17.4500, 40, 0.15),
(10551, 35, 18.0000, 20, 0.15),
(10551, 44, 19.4500, 40, 0),
(10552, 69, 36.0000, 18, 0),
(10552, 75, 7.7500, 30, 0),
(10553, 11, 21.0000, 15, 0),
(10553, 16, 17.4500, 14, 0),
(10553, 22, 21.0000, 24, 0),
(10553, 31, 12.5000, 30, 0),
(10553, 35, 18.0000, 6, 0),
(10554, 16, 17.4500, 30, 0.05),
(10554, 23, 9.0000, 20, 0.05),
(10554, 62, 49.3000, 20, 0.05),
(10554, 77, 13.0000, 10, 0.05),
(10555, 14, 23.2500, 30, 0.2),
(10555, 19, 9.2000, 35, 0.2),
(10555, 24, 4.5000, 18, 0.2),
(10555, 51, 53.0000, 20, 0.2),
(10555, 56, 38.0000, 40, 0.2),
(10556, 72, 34.8000, 24, 0),
(10557, 64, 33.2500, 30, 0),
(10557, 75, 7.7500, 20, 0),
(10558, 47, 9.5000, 25, 0),
(10558, 51, 53.0000, 20, 0),
(10558, 52, 7.0000, 30, 0),
(10558, 53, 32.8000, 18, 0),
(10558, 73, 15.0000, 3, 0),
(10559, 41, 9.6500, 12, 0.05),
(10559, 55, 24.0000, 18, 0.05),
(10560, 30, 25.8900, 20, 0),
(10560, 62, 49.3000, 15, 0.25),
(10561, 44, 19.4500, 10, 0),
(10561, 51, 53.0000, 50, 0),
(10562, 33, 2.5000, 20, 0.1),
(10562, 62, 49.3000, 10, 0.1),
(10563, 36, 19.0000, 25, 0),
(10563, 52, 7.0000, 70, 0),
(10564, 17, 39.0000, 16, 0.05),
(10564, 31, 12.5000, 6, 0.05),
(10564, 55, 24.0000, 25, 0.05),
(10565, 24, 4.5000, 25, 0.1),
(10565, 64, 33.2500, 18, 0.1),
(10566, 11, 21.0000, 35, 0.15),
(10566, 18, 62.5000, 18, 0.15),
(10566, 76, 18.0000, 10, 0),
(10567, 31, 12.5000, 60, 0.2),
(10567, 51, 53.0000, 3, 0),
(10567, 59, 55.0000, 40, 0.2),
(10568, 10, 31.0000, 5, 0),
(10569, 31, 12.5000, 35, 0.2),
(10569, 76, 18.0000, 30, 0),
(10570, 11, 21.0000, 15, 0.05),
(10570, 56, 38.0000, 60, 0.05),
(10571, 14, 23.2500, 11, 0.15),
(10571, 42, 14.0000, 28, 0.15),
(10572, 16, 17.4500, 12, 0.1),
(10572, 32, 32.0000, 10, 0.1),
(10572, 40, 18.4000, 50, 0),
(10572, 75, 7.7500, 15, 0.1),
(10573, 17, 39.0000, 18, 0),
(10573, 34, 14.0000, 40, 0),
(10573, 53, 32.8000, 25, 0),
(10574, 33, 2.5000, 14, 0),
(10574, 40, 18.4000, 2, 0),
(10574, 62, 49.3000, 10, 0),
(10574, 64, 33.2500, 6, 0),
(10575, 59, 55.0000, 12, 0),
(10575, 63, 43.9000, 6, 0),
(10575, 72, 34.8000, 30, 0),
(10575, 76, 18.0000, 10, 0),
(10576, 1, 18.0000, 10, 0),
(10576, 31, 12.5000, 20, 0),
(10576, 44, 19.4500, 21, 0),
(10577, 39, 18.0000, 10, 0),
(10577, 75, 7.7500, 20, 0),
(10577, 77, 13.0000, 18, 0),
(10578, 35, 18.0000, 20, 0),
(10578, 57, 19.5000, 6, 0),
(10579, 15, 15.5000, 10, 0),
(10579, 75, 7.7500, 21, 0),
(10580, 14, 23.2500, 15, 0.05),
(10580, 41, 9.6500, 9, 0.05),
(10580, 65, 21.0500, 30, 0.05),
(10581, 75, 7.7500, 50, 0.2),
(10582, 57, 19.5000, 4, 0),
(10582, 76, 18.0000, 14, 0),
(10583, 29, 123.7900, 10, 0),
(10583, 60, 34.0000, 24, 0.15),
(10583, 69, 36.0000, 10, 0.15),
(10584, 31, 12.5000, 50, 0.05),
(10585, 47, 9.5000, 15, 0),
(10586, 52, 7.0000, 4, 0.15),
(10587, 26, 31.2300, 6, 0),
(10587, 35, 18.0000, 20, 0),
(10587, 77, 13.0000, 20, 0),
(10588, 18, 62.5000, 40, 0.2),
(10588, 42, 14.0000, 100, 0.2),
(10589, 35, 18.0000, 4, 0),
(10590, 1, 18.0000, 20, 0),
(10590, 77, 13.0000, 60, 0.05),
(10591, 3, 10.0000, 14, 0),
(10591, 7, 30.0000, 10, 0),
(10591, 54, 7.4500, 50, 0),
(10592, 15, 15.5000, 25, 0.05),
(10592, 26, 31.2300, 5, 0.05),
(10593, 20, 81.0000, 21, 0.2),
(10593, 69, 36.0000, 20, 0.2),
(10593, 76, 18.0000, 4, 0.2),
(10594, 52, 7.0000, 24, 0),
(10594, 58, 13.2500, 30, 0),
(10595, 35, 18.0000, 30, 0.25),
(10595, 61, 28.5000, 120, 0.25),
(10595, 69, 36.0000, 65, 0.25),
(10596, 56, 38.0000, 5, 0.2),
(10596, 63, 43.9000, 24, 0.2),
(10596, 75, 7.7500, 30, 0.2),
(10597, 24, 4.5000, 35, 0.2),
(10597, 57, 19.5000, 20, 0),
(10597, 65, 21.0500, 12, 0.2),
(10598, 27, 43.9000, 50, 0),
(10598, 71, 21.5000, 9, 0),
(10599, 62, 49.3000, 10, 0),
(10600, 54, 7.4500, 4, 0),
(10600, 73, 15.0000, 30, 0),
(10601, 13, 6.0000, 60, 0),
(10601, 59, 55.0000, 35, 0),
(10602, 77, 13.0000, 5, 0.25),
(10603, 22, 21.0000, 48, 0),
(10603, 49, 20.0000, 25, 0.05),
(10604, 48, 12.7500, 6, 0.1),
(10604, 76, 18.0000, 10, 0.1),
(10605, 16, 17.4500, 30, 0.05),
(10605, 59, 55.0000, 20, 0.05),
(10605, 60, 34.0000, 70, 0.05),
(10605, 71, 21.5000, 15, 0.05),
(10606, 4, 22.0000, 20, 0.2),
(10606, 55, 24.0000, 20, 0.2),
(10606, 62, 49.3000, 10, 0.2),
(10607, 7, 30.0000, 45, 0),
(10607, 17, 39.0000, 100, 0),
(10607, 33, 2.5000, 14, 0),
(10607, 40, 18.4000, 42, 0),
(10607, 72, 34.8000, 12, 0),
(10608, 56, 38.0000, 28, 0),
(10609, 1, 18.0000, 3, 0),
(10609, 10, 31.0000, 10, 0),
(10609, 21, 10.0000, 6, 0),
(10610, 36, 19.0000, 21, 0.25),
(10611, 1, 18.0000, 6, 0),
(10611, 2, 19.0000, 10, 0),
(10611, 60, 34.0000, 15, 0),
(10612, 10, 31.0000, 70, 0),
(10612, 36, 19.0000, 55, 0),
(10612, 49, 20.0000, 18, 0),
(10612, 60, 34.0000, 40, 0),
(10612, 76, 18.0000, 80, 0),
(10613, 13, 6.0000, 8, 0.1),
(10613, 75, 7.7500, 40, 0),
(10614, 11, 21.0000, 14, 0),
(10614, 21, 10.0000, 8, 0),
(10614, 39, 18.0000, 5, 0),
(10615, 55, 24.0000, 5, 0),
(10616, 38, 263.5000, 15, 0.05),
(10616, 56, 38.0000, 14, 0),
(10616, 70, 15.0000, 15, 0.05),
(10616, 71, 21.5000, 15, 0.05),
(10617, 59, 55.0000, 30, 0.15),
(10618, 6, 25.0000, 70, 0),
(10618, 56, 38.0000, 20, 0),
(10618, 68, 12.5000, 15, 0),
(10619, 21, 10.0000, 42, 0),
(10619, 22, 21.0000, 40, 0),
(10620, 24, 4.5000, 5, 0),
(10620, 52, 7.0000, 5, 0),
(10621, 19, 9.2000, 5, 0),
(10621, 23, 9.0000, 10, 0),
(10621, 70, 15.0000, 20, 0),
(10621, 71, 21.5000, 15, 0),
(10622, 2, 19.0000, 20, 0),
(10622, 68, 12.5000, 18, 0.2),
(10623, 14, 23.2500, 21, 0),
(10623, 19, 9.2000, 15, 0.1),
(10623, 21, 10.0000, 25, 0.1),
(10623, 24, 4.5000, 3, 0),
(10623, 35, 18.0000, 30, 0.1),
(10624, 28, 45.6000, 10, 0),
(10624, 29, 123.7900, 6, 0),
(10624, 44, 19.4500, 10, 0),
(10625, 14, 23.2500, 3, 0),
(10625, 42, 14.0000, 5, 0),
(10625, 60, 34.0000, 10, 0),
(10626, 53, 32.8000, 12, 0),
(10626, 60, 34.0000, 20, 0),
(10626, 71, 21.5000, 20, 0),
(10627, 62, 49.3000, 15, 0),
(10627, 73, 15.0000, 35, 0.15),
(10628, 1, 18.0000, 25, 0),
(10629, 29, 123.7900, 20, 0),
(10629, 64, 33.2500, 9, 0),
(10630, 55, 24.0000, 12, 0.05),
(10630, 76, 18.0000, 35, 0),
(10631, 75, 7.7500, 8, 0.1),
(10632, 2, 19.0000, 30, 0.05),
(10632, 33, 2.5000, 20, 0.05),
(10633, 12, 38.0000, 36, 0.15),
(10633, 13, 6.0000, 13, 0.15),
(10633, 26, 31.2300, 35, 0.15),
(10633, 62, 49.3000, 80, 0.15),
(10634, 7, 30.0000, 35, 0),
(10634, 18, 62.5000, 50, 0),
(10634, 51, 53.0000, 15, 0),
(10634, 75, 7.7500, 2, 0),
(10635, 4, 22.0000, 10, 0.1),
(10635, 5, 21.3500, 15, 0.1),
(10635, 22, 21.0000, 40, 0),
(10636, 4, 22.0000, 25, 0),
(10636, 58, 13.2500, 6, 0),
(10637, 11, 21.0000, 10, 0),
(10637, 50, 16.2500, 25, 0.05),
(10637, 56, 38.0000, 60, 0.05),
(10638, 45, 9.5000, 20, 0),
(10638, 65, 21.0500, 21, 0),
(10638, 72, 34.8000, 60, 0),
(10639, 18, 62.5000, 8, 0),
(10640, 69, 36.0000, 20, 0.25),
(10640, 70, 15.0000, 15, 0.25),
(10641, 2, 19.0000, 50, 0),
(10641, 40, 18.4000, 60, 0),
(10642, 21, 10.0000, 30, 0.2),
(10642, 61, 28.5000, 20, 0.2),
(10643, 28, 45.6000, 15, 0.25),
(10643, 39, 18.0000, 21, 0.25),
(10643, 46, 12.0000, 2, 0.25),
(10644, 18, 62.5000, 4, 0.1),
(10644, 43, 46.0000, 20, 0),
(10644, 46, 12.0000, 21, 0.1),
(10645, 18, 62.5000, 20, 0),
(10645, 36, 19.0000, 15, 0),
(10646, 1, 18.0000, 15, 0.25),
(10646, 10, 31.0000, 18, 0.25),
(10646, 71, 21.5000, 30, 0.25),
(10646, 77, 13.0000, 35, 0.25),
(10647, 19, 9.2000, 30, 0),
(10647, 39, 18.0000, 20, 0),
(10648, 22, 21.0000, 15, 0),
(10648, 24, 4.5000, 15, 0.15),
(10649, 28, 45.6000, 20, 0),
(10649, 72, 34.8000, 15, 0),
(10650, 30, 25.8900, 30, 0),
(10650, 53, 32.8000, 25, 0.05),
(10650, 54, 7.4500, 30, 0),
(10651, 19, 9.2000, 12, 0.25),
(10651, 22, 21.0000, 20, 0.25),
(10652, 30, 25.8900, 2, 0.25),
(10652, 42, 14.0000, 20, 0),
(10653, 16, 17.4500, 30, 0.1),
(10653, 60, 34.0000, 20, 0.1),
(10654, 4, 22.0000, 12, 0.1),
(10654, 39, 18.0000, 20, 0.1),
(10654, 54, 7.4500, 6, 0.1),
(10655, 41, 9.6500, 20, 0.2),
(10656, 14, 23.2500, 3, 0.1),
(10656, 44, 19.4500, 28, 0.1),
(10656, 47, 9.5000, 6, 0.1),
(10657, 15, 15.5000, 50, 0),
(10657, 41, 9.6500, 24, 0),
(10657, 46, 12.0000, 45, 0),
(10657, 47, 9.5000, 10, 0),
(10657, 56, 38.0000, 45, 0),
(10657, 60, 34.0000, 30, 0),
(10658, 21, 10.0000, 60, 0),
(10658, 40, 18.4000, 70, 0.05),
(10658, 60, 34.0000, 55, 0.05),
(10658, 77, 13.0000, 70, 0.05),
(10659, 31, 12.5000, 20, 0.05),
(10659, 40, 18.4000, 24, 0.05),
(10659, 70, 15.0000, 40, 0.05),
(10660, 20, 81.0000, 21, 0),
(10661, 39, 18.0000, 3, 0.2),
(10661, 58, 13.2500, 49, 0.2),
(10662, 68, 12.5000, 10, 0),
(10663, 40, 18.4000, 30, 0.05),
(10663, 42, 14.0000, 30, 0.05),
(10663, 51, 53.0000, 20, 0.05),
(10664, 10, 31.0000, 24, 0.15),
(10664, 56, 38.0000, 12, 0.15),
(10664, 65, 21.0500, 15, 0.15),
(10665, 51, 53.0000, 20, 0),
(10665, 59, 55.0000, 1, 0),
(10665, 76, 18.0000, 10, 0),
(10666, 29, 123.7900, 36, 0),
(10666, 65, 21.0500, 10, 0),
(10667, 69, 36.0000, 45, 0.2),
(10667, 71, 21.5000, 14, 0.2),
(10668, 31, 12.5000, 8, 0.1),
(10668, 55, 24.0000, 4, 0.1),
(10668, 64, 33.2500, 15, 0.1),
(10669, 36, 19.0000, 30, 0),
(10670, 23, 9.0000, 32, 0),
(10670, 46, 12.0000, 60, 0),
(10670, 67, 14.0000, 25, 0),
(10670, 73, 15.0000, 50, 0),
(10670, 75, 7.7500, 25, 0),
(10671, 16, 17.4500, 10, 0),
(10671, 62, 49.3000, 10, 0),
(10671, 65, 21.0500, 12, 0),
(10672, 38, 263.5000, 15, 0.1),
(10672, 71, 21.5000, 12, 0),
(10673, 16, 17.4500, 3, 0),
(10673, 42, 14.0000, 6, 0),
(10673, 43, 46.0000, 6, 0),
(10674, 23, 9.0000, 5, 0),
(10675, 14, 23.2500, 30, 0),
(10675, 53, 32.8000, 10, 0),
(10675, 58, 13.2500, 30, 0),
(10676, 10, 31.0000, 2, 0),
(10676, 19, 9.2000, 7, 0),
(10676, 44, 19.4500, 21, 0),
(10677, 26, 31.2300, 30, 0.15),
(10677, 33, 2.5000, 8, 0.15),
(10678, 12, 38.0000, 100, 0),
(10678, 33, 2.5000, 30, 0),
(10678, 41, 9.6500, 120, 0),
(10678, 54, 7.4500, 30, 0),
(10679, 59, 55.0000, 12, 0),
(10680, 16, 17.4500, 50, 0.25),
(10680, 31, 12.5000, 20, 0.25),
(10680, 42, 14.0000, 40, 0.25),
(10681, 19, 9.2000, 30, 0.1),
(10681, 21, 10.0000, 12, 0.1),
(10681, 64, 33.2500, 28, 0),
(10682, 33, 2.5000, 30, 0),
(10682, 66, 17.0000, 4, 0),
(10682, 75, 7.7500, 30, 0),
(10683, 52, 7.0000, 9, 0),
(10684, 40, 18.4000, 20, 0),
(10684, 47, 9.5000, 40, 0),
(10684, 60, 34.0000, 30, 0),
(10685, 10, 31.0000, 20, 0),
(10685, 41, 9.6500, 4, 0),
(10685, 47, 9.5000, 15, 0),
(10686, 17, 39.0000, 30, 0.2),
(10686, 26, 31.2300, 15, 0),
(10687, 9, 97.0000, 50, 0.25),
(10687, 29, 123.7900, 10, 0),
(10687, 36, 19.0000, 6, 0.25),
(10688, 10, 31.0000, 18, 0.1),
(10688, 28, 45.6000, 60, 0.1),
(10688, 34, 14.0000, 14, 0),
(10689, 1, 18.0000, 35, 0.25),
(10690, 56, 38.0000, 20, 0.25),
(10690, 77, 13.0000, 30, 0.25),
(10691, 1, 18.0000, 30, 0),
(10691, 29, 123.7900, 40, 0),
(10691, 43, 46.0000, 40, 0),
(10691, 44, 19.4500, 24, 0),
(10691, 62, 49.3000, 48, 0),
(10692, 63, 43.9000, 20, 0),
(10693, 9, 97.0000, 6, 0),
(10693, 54, 7.4500, 60, 0.15),
(10693, 69, 36.0000, 30, 0.15),
(10693, 73, 15.0000, 15, 0.15),
(10694, 7, 30.0000, 90, 0),
(10694, 59, 55.0000, 25, 0),
(10694, 70, 15.0000, 50, 0),
(10695, 8, 40.0000, 10, 0),
(10695, 12, 38.0000, 4, 0),
(10695, 24, 4.5000, 20, 0),
(10696, 17, 39.0000, 20, 0),
(10696, 46, 12.0000, 18, 0),
(10697, 19, 9.2000, 7, 0.25),
(10697, 35, 18.0000, 9, 0.25),
(10697, 58, 13.2500, 30, 0.25),
(10697, 70, 15.0000, 30, 0.25),
(10698, 11, 21.0000, 15, 0),
(10698, 17, 39.0000, 8, 0.05),
(10698, 29, 123.7900, 12, 0.05),
(10698, 65, 21.0500, 65, 0.05),
(10698, 70, 15.0000, 8, 0.05),
(10699, 47, 9.5000, 12, 0),
(10700, 1, 18.0000, 5, 0.2),
(10700, 34, 14.0000, 12, 0.2),
(10700, 68, 12.5000, 40, 0.2),
(10700, 71, 21.5000, 60, 0.2),
(10701, 59, 55.0000, 42, 0.15),
(10701, 71, 21.5000, 20, 0.15),
(10701, 76, 18.0000, 35, 0.15),
(10702, 3, 10.0000, 6, 0),
(10702, 76, 18.0000, 15, 0),
(10703, 2, 19.0000, 5, 0),
(10703, 59, 55.0000, 35, 0),
(10703, 73, 15.0000, 35, 0),
(10704, 4, 22.0000, 6, 0),
(10704, 24, 4.5000, 35, 0),
(10704, 48, 12.7500, 24, 0),
(10705, 31, 12.5000, 20, 0),
(10705, 32, 32.0000, 4, 0),
(10706, 16, 17.4500, 20, 0),
(10706, 43, 46.0000, 24, 0),
(10706, 59, 55.0000, 8, 0),
(10707, 55, 24.0000, 21, 0),
(10707, 57, 19.5000, 40, 0),
(10707, 70, 15.0000, 28, 0.15),
(10708, 5, 21.3500, 4, 0),
(10708, 36, 19.0000, 5, 0),
(10709, 8, 40.0000, 40, 0),
(10709, 51, 53.0000, 28, 0),
(10709, 60, 34.0000, 10, 0),
(10710, 19, 9.2000, 5, 0),
(10710, 47, 9.5000, 5, 0),
(10711, 19, 9.2000, 12, 0),
(10711, 41, 9.6500, 42, 0),
(10711, 53, 32.8000, 120, 0),
(10712, 53, 32.8000, 3, 0.05),
(10712, 56, 38.0000, 30, 0),
(10713, 10, 31.0000, 18, 0),
(10713, 26, 31.2300, 30, 0),
(10713, 45, 9.5000, 110, 0),
(10713, 46, 12.0000, 24, 0),
(10714, 2, 19.0000, 30, 0.25),
(10714, 17, 39.0000, 27, 0.25),
(10714, 47, 9.5000, 50, 0.25),
(10714, 56, 38.0000, 18, 0.25),
(10714, 58, 13.2500, 12, 0.25),
(10715, 10, 31.0000, 21, 0),
(10715, 71, 21.5000, 30, 0),
(10716, 21, 10.0000, 5, 0),
(10716, 51, 53.0000, 7, 0),
(10716, 61, 28.5000, 10, 0),
(10717, 21, 10.0000, 32, 0.05),
(10717, 54, 7.4500, 15, 0),
(10717, 69, 36.0000, 25, 0.05),
(10718, 12, 38.0000, 36, 0),
(10718, 16, 17.4500, 20, 0),
(10718, 36, 19.0000, 40, 0),
(10718, 62, 49.3000, 20, 0),
(10719, 18, 62.5000, 12, 0.25),
(10719, 30, 25.8900, 3, 0.25),
(10719, 54, 7.4500, 40, 0.25),
(10720, 35, 18.0000, 21, 0),
(10720, 71, 21.5000, 8, 0),
(10721, 44, 19.4500, 50, 0.05),
(10722, 2, 19.0000, 3, 0),
(10722, 31, 12.5000, 50, 0),
(10722, 68, 12.5000, 45, 0),
(10722, 75, 7.7500, 42, 0),
(10723, 26, 31.2300, 15, 0),
(10724, 10, 31.0000, 16, 0),
(10724, 61, 28.5000, 5, 0),
(10725, 41, 9.6500, 12, 0),
(10725, 52, 7.0000, 4, 0),
(10725, 55, 24.0000, 6, 0),
(10726, 4, 22.0000, 25, 0),
(10726, 11, 21.0000, 5, 0),
(10727, 17, 39.0000, 20, 0.05),
(10727, 56, 38.0000, 10, 0.05),
(10727, 59, 55.0000, 10, 0.05),
(10728, 30, 25.8900, 15, 0),
(10728, 40, 18.4000, 6, 0),
(10728, 55, 24.0000, 12, 0),
(10728, 60, 34.0000, 15, 0),
(10729, 1, 18.0000, 50, 0),
(10729, 21, 10.0000, 30, 0),
(10729, 50, 16.2500, 40, 0),
(10730, 16, 17.4500, 15, 0.05),
(10730, 31, 12.5000, 3, 0.05),
(10730, 65, 21.0500, 10, 0.05),
(10731, 21, 10.0000, 40, 0.05),
(10731, 51, 53.0000, 30, 0.05),
(10732, 76, 18.0000, 20, 0),
(10733, 14, 23.2500, 16, 0),
(10733, 28, 45.6000, 20, 0),
(10733, 52, 7.0000, 25, 0),
(10734, 6, 25.0000, 30, 0),
(10734, 30, 25.8900, 15, 0),
(10734, 76, 18.0000, 20, 0),
(10735, 61, 28.5000, 20, 0.1),
(10735, 77, 13.0000, 2, 0.1),
(10736, 65, 21.0500, 40, 0),
(10736, 75, 7.7500, 20, 0),
(10737, 13, 6.0000, 4, 0),
(10737, 41, 9.6500, 12, 0),
(10738, 16, 17.4500, 3, 0),
(10739, 36, 19.0000, 6, 0),
(10739, 52, 7.0000, 18, 0),
(10740, 28, 45.6000, 5, 0.2),
(10740, 35, 18.0000, 35, 0.2),
(10740, 45, 9.5000, 40, 0.2),
(10740, 56, 38.0000, 14, 0.2),
(10741, 2, 19.0000, 15, 0.2),
(10742, 3, 10.0000, 20, 0),
(10742, 60, 34.0000, 50, 0),
(10742, 72, 34.8000, 35, 0),
(10743, 46, 12.0000, 28, 0.05),
(10744, 40, 18.4000, 50, 0.2),
(10745, 18, 62.5000, 24, 0),
(10745, 44, 19.4500, 16, 0),
(10745, 59, 55.0000, 45, 0),
(10745, 72, 34.8000, 7, 0),
(10746, 13, 6.0000, 6, 0),
(10746, 42, 14.0000, 28, 0),
(10746, 62, 49.3000, 9, 0),
(10746, 69, 36.0000, 40, 0),
(10747, 31, 12.5000, 8, 0),
(10747, 41, 9.6500, 35, 0),
(10747, 63, 43.9000, 9, 0),
(10747, 69, 36.0000, 30, 0),
(10748, 23, 9.0000, 44, 0),
(10748, 40, 18.4000, 40, 0),
(10748, 56, 38.0000, 28, 0),
(10749, 56, 38.0000, 15, 0),
(10749, 59, 55.0000, 6, 0),
(10749, 76, 18.0000, 10, 0),
(10750, 14, 23.2500, 5, 0.15),
(10750, 45, 9.5000, 40, 0.15),
(10750, 59, 55.0000, 25, 0.15),
(10751, 26, 31.2300, 12, 0.1),
(10751, 30, 25.8900, 30, 0),
(10751, 50, 16.2500, 20, 0.1),
(10751, 73, 15.0000, 15, 0),
(10752, 1, 18.0000, 8, 0),
(10752, 69, 36.0000, 3, 0),
(10753, 45, 9.5000, 4, 0),
(10753, 74, 10.0000, 5, 0),
(10754, 40, 18.4000, 3, 0),
(10755, 47, 9.5000, 30, 0.25),
(10755, 56, 38.0000, 30, 0.25),
(10755, 57, 19.5000, 14, 0.25),
(10755, 69, 36.0000, 25, 0.25),
(10756, 18, 62.5000, 21, 0.2),
(10756, 36, 19.0000, 20, 0.2),
(10756, 68, 12.5000, 6, 0.2),
(10756, 69, 36.0000, 20, 0.2),
(10757, 34, 14.0000, 30, 0),
(10757, 59, 55.0000, 7, 0),
(10757, 62, 49.3000, 30, 0),
(10757, 64, 33.2500, 24, 0),
(10758, 26, 31.2300, 20, 0),
(10758, 52, 7.0000, 60, 0),
(10758, 70, 15.0000, 40, 0),
(10759, 32, 32.0000, 10, 0),
(10760, 25, 14.0000, 12, 0.25),
(10760, 27, 43.9000, 40, 0),
(10760, 43, 46.0000, 30, 0.25),
(10761, 25, 14.0000, 35, 0.25),
(10761, 75, 7.7500, 18, 0),
(10762, 39, 18.0000, 16, 0),
(10762, 47, 9.5000, 30, 0),
(10762, 51, 53.0000, 28, 0),
(10762, 56, 38.0000, 60, 0),
(10763, 21, 10.0000, 40, 0),
(10763, 22, 21.0000, 6, 0),
(10763, 24, 4.5000, 20, 0),
(10764, 3, 10.0000, 20, 0.1),
(10764, 39, 18.0000, 130, 0.1),
(10765, 65, 21.0500, 80, 0.1),
(10766, 2, 19.0000, 40, 0),
(10766, 7, 30.0000, 35, 0),
(10766, 68, 12.5000, 40, 0),
(10767, 42, 14.0000, 2, 0),
(10768, 22, 21.0000, 4, 0),
(10768, 31, 12.5000, 50, 0),
(10768, 60, 34.0000, 15, 0),
(10768, 71, 21.5000, 12, 0),
(10769, 41, 9.6500, 30, 0.05),
(10769, 52, 7.0000, 15, 0.05),
(10769, 61, 28.5000, 20, 0),
(10769, 62, 49.3000, 15, 0),
(10770, 11, 21.0000, 15, 0.25),
(10771, 71, 21.5000, 16, 0),
(10772, 29, 123.7900, 18, 0),
(10772, 59, 55.0000, 25, 0),
(10773, 17, 39.0000, 33, 0),
(10773, 31, 12.5000, 70, 0.2),
(10773, 75, 7.7500, 7, 0.2),
(10774, 31, 12.5000, 2, 0.25),
(10774, 66, 17.0000, 50, 0),
(10775, 10, 31.0000, 6, 0),
(10775, 67, 14.0000, 3, 0),
(10776, 31, 12.5000, 16, 0.05),
(10776, 42, 14.0000, 12, 0.05),
(10776, 45, 9.5000, 27, 0.05),
(10776, 51, 53.0000, 120, 0.05),
(10777, 42, 14.0000, 20, 0.2),
(10778, 41, 9.6500, 10, 0),
(10779, 16, 17.4500, 20, 0),
(10779, 62, 49.3000, 20, 0),
(10780, 70, 15.0000, 35, 0),
(10780, 77, 13.0000, 15, 0),
(10781, 54, 7.4500, 3, 0.2),
(10781, 56, 38.0000, 20, 0.2),
(10781, 74, 10.0000, 35, 0),
(10782, 31, 12.5000, 1, 0),
(10783, 31, 12.5000, 10, 0),
(10783, 38, 263.5000, 5, 0),
(10784, 36, 19.0000, 30, 0),
(10784, 39, 18.0000, 2, 0.15),
(10784, 72, 34.8000, 30, 0.15),
(10785, 10, 31.0000, 10, 0),
(10785, 75, 7.7500, 10, 0),
(10786, 8, 40.0000, 30, 0.2),
(10786, 30, 25.8900, 15, 0.2),
(10786, 75, 7.7500, 42, 0.2),
(10787, 2, 19.0000, 15, 0.05),
(10787, 29, 123.7900, 20, 0.05),
(10788, 19, 9.2000, 50, 0.05),
(10788, 75, 7.7500, 40, 0.05),
(10789, 18, 62.5000, 30, 0),
(10789, 35, 18.0000, 15, 0),
(10789, 63, 43.9000, 30, 0),
(10789, 68, 12.5000, 18, 0),
(10790, 7, 30.0000, 3, 0.15),
(10790, 56, 38.0000, 20, 0.15),
(10791, 29, 123.7900, 14, 0.05),
(10791, 41, 9.6500, 20, 0.05),
(10792, 2, 19.0000, 10, 0),
(10792, 54, 7.4500, 3, 0),
(10792, 68, 12.5000, 15, 0),
(10793, 41, 9.6500, 14, 0),
(10793, 52, 7.0000, 8, 0),
(10794, 14, 23.2500, 15, 0.2),
(10794, 54, 7.4500, 6, 0.2),
(10795, 16, 17.4500, 65, 0),
(10795, 17, 39.0000, 35, 0.25),
(10796, 26, 31.2300, 21, 0.2),
(10796, 44, 19.4500, 10, 0),
(10796, 64, 33.2500, 35, 0.2),
(10796, 69, 36.0000, 24, 0.2),
(10797, 11, 21.0000, 20, 0),
(10798, 62, 49.3000, 2, 0),
(10798, 72, 34.8000, 10, 0),
(10799, 13, 6.0000, 20, 0.15),
(10799, 24, 4.5000, 20, 0.15),
(10799, 59, 55.0000, 25, 0),
(10800, 11, 21.0000, 50, 0.1),
(10800, 51, 53.0000, 10, 0.1),
(10800, 54, 7.4500, 7, 0.1),
(10801, 17, 39.0000, 40, 0.25),
(10801, 29, 123.7900, 20, 0.25),
(10802, 30, 25.8900, 25, 0.25),
(10802, 51, 53.0000, 30, 0.25),
(10802, 55, 24.0000, 60, 0.25),
(10802, 62, 49.3000, 5, 0.25),
(10803, 19, 9.2000, 24, 0.05),
(10803, 25, 14.0000, 15, 0.05),
(10803, 59, 55.0000, 15, 0.05),
(10804, 10, 31.0000, 36, 0),
(10804, 28, 45.6000, 24, 0),
(10804, 49, 20.0000, 4, 0.15),
(10805, 34, 14.0000, 10, 0),
(10805, 38, 263.5000, 10, 0),
(10806, 2, 19.0000, 20, 0.25),
(10806, 65, 21.0500, 2, 0),
(10806, 74, 10.0000, 15, 0.25),
(10807, 40, 18.4000, 1, 0),
(10808, 56, 38.0000, 20, 0.15),
(10808, 76, 18.0000, 50, 0.15),
(10809, 52, 7.0000, 20, 0),
(10810, 13, 6.0000, 7, 0),
(10810, 25, 14.0000, 5, 0),
(10810, 70, 15.0000, 5, 0),
(10811, 19, 9.2000, 15, 0),
(10811, 23, 9.0000, 18, 0),
(10811, 40, 18.4000, 30, 0),
(10812, 31, 12.5000, 16, 0.1),
(10812, 72, 34.8000, 40, 0.1),
(10812, 77, 13.0000, 20, 0),
(10813, 2, 19.0000, 12, 0.2),
(10813, 46, 12.0000, 35, 0),
(10814, 41, 9.6500, 20, 0),
(10814, 43, 46.0000, 20, 0.15),
(10814, 48, 12.7500, 8, 0.15),
(10814, 61, 28.5000, 30, 0.15),
(10815, 33, 2.5000, 16, 0),
(10816, 38, 263.5000, 30, 0.05),
(10816, 62, 49.3000, 20, 0.05),
(10817, 26, 31.2300, 40, 0.15),
(10817, 38, 263.5000, 30, 0),
(10817, 40, 18.4000, 60, 0.15),
(10817, 62, 49.3000, 25, 0.15),
(10818, 32, 32.0000, 20, 0),
(10818, 41, 9.6500, 20, 0),
(10819, 43, 46.0000, 7, 0),
(10819, 75, 7.7500, 20, 0),
(10820, 56, 38.0000, 30, 0),
(10821, 35, 18.0000, 20, 0),
(10821, 51, 53.0000, 6, 0),
(10822, 62, 49.3000, 3, 0),
(10822, 70, 15.0000, 6, 0),
(10823, 11, 21.0000, 20, 0.1),
(10823, 57, 19.5000, 15, 0),
(10823, 59, 55.0000, 40, 0.1),
(10823, 77, 13.0000, 15, 0.1),
(10824, 41, 9.6500, 12, 0),
(10824, 70, 15.0000, 9, 0),
(10825, 26, 31.2300, 12, 0),
(10825, 53, 32.8000, 20, 0),
(10826, 31, 12.5000, 35, 0),
(10826, 57, 19.5000, 15, 0),
(10827, 10, 31.0000, 15, 0),
(10827, 39, 18.0000, 21, 0),
(10828, 20, 81.0000, 5, 0),
(10828, 38, 263.5000, 2, 0),
(10829, 2, 19.0000, 10, 0),
(10829, 8, 40.0000, 20, 0),
(10829, 13, 6.0000, 10, 0),
(10829, 60, 34.0000, 21, 0),
(10830, 6, 25.0000, 6, 0),
(10830, 39, 18.0000, 28, 0),
(10830, 60, 34.0000, 30, 0),
(10830, 68, 12.5000, 24, 0),
(10831, 19, 9.2000, 2, 0),
(10831, 35, 18.0000, 8, 0),
(10831, 38, 263.5000, 8, 0),
(10831, 43, 46.0000, 9, 0),
(10832, 13, 6.0000, 3, 0.2),
(10832, 25, 14.0000, 10, 0.2),
(10832, 44, 19.4500, 16, 0.2),
(10832, 64, 33.2500, 3, 0),
(10833, 7, 30.0000, 20, 0.1),
(10833, 31, 12.5000, 9, 0.1),
(10833, 53, 32.8000, 9, 0.1),
(10834, 29, 123.7900, 8, 0.05),
(10834, 30, 25.8900, 20, 0.05),
(10835, 59, 55.0000, 15, 0),
(10835, 77, 13.0000, 2, 0.2),
(10836, 22, 21.0000, 52, 0),
(10836, 35, 18.0000, 6, 0),
(10836, 57, 19.5000, 24, 0),
(10836, 60, 34.0000, 60, 0),
(10836, 64, 33.2500, 30, 0),
(10837, 13, 6.0000, 6, 0),
(10837, 40, 18.4000, 25, 0),
(10837, 47, 9.5000, 40, 0.25),
(10837, 76, 18.0000, 21, 0.25),
(10838, 1, 18.0000, 4, 0.25),
(10838, 18, 62.5000, 25, 0.25),
(10838, 36, 19.0000, 50, 0.25),
(10839, 58, 13.2500, 30, 0.1),
(10839, 72, 34.8000, 15, 0.1),
(10840, 25, 14.0000, 6, 0.2),
(10840, 39, 18.0000, 10, 0.2),
(10841, 10, 31.0000, 16, 0),
(10841, 56, 38.0000, 30, 0),
(10841, 59, 55.0000, 50, 0),
(10841, 77, 13.0000, 15, 0),
(10842, 11, 21.0000, 15, 0),
(10842, 43, 46.0000, 5, 0),
(10842, 68, 12.5000, 20, 0),
(10842, 70, 15.0000, 12, 0),
(10843, 51, 53.0000, 4, 0.25),
(10844, 22, 21.0000, 35, 0),
(10845, 23, 9.0000, 70, 0.1),
(10845, 35, 18.0000, 25, 0.1),
(10845, 42, 14.0000, 42, 0.1),
(10845, 58, 13.2500, 60, 0.1),
(10845, 64, 33.2500, 48, 0),
(10846, 4, 22.0000, 21, 0),
(10846, 70, 15.0000, 30, 0),
(10846, 74, 10.0000, 20, 0),
(10847, 1, 18.0000, 80, 0.2),
(10847, 19, 9.2000, 12, 0.2),
(10847, 37, 26.0000, 60, 0.2),
(10847, 45, 9.5000, 36, 0.2),
(10847, 60, 34.0000, 45, 0.2),
(10847, 71, 21.5000, 55, 0.2),
(10848, 5, 21.3500, 30, 0),
(10848, 9, 97.0000, 3, 0),
(10849, 3, 10.0000, 49, 0),
(10849, 26, 31.2300, 18, 0.15),
(10850, 25, 14.0000, 20, 0.15),
(10850, 33, 2.5000, 4, 0.15),
(10850, 70, 15.0000, 30, 0.15),
(10851, 2, 19.0000, 5, 0.05),
(10851, 25, 14.0000, 10, 0.05),
(10851, 57, 19.5000, 10, 0.05),
(10851, 59, 55.0000, 42, 0.05),
(10852, 2, 19.0000, 15, 0),
(10852, 17, 39.0000, 6, 0),
(10852, 62, 49.3000, 50, 0),
(10853, 18, 62.5000, 10, 0),
(10854, 10, 31.0000, 100, 0.15),
(10854, 13, 6.0000, 65, 0.15),
(10855, 16, 17.4500, 50, 0),
(10855, 31, 12.5000, 14, 0),
(10855, 56, 38.0000, 24, 0),
(10855, 65, 21.0500, 15, 0.15),
(10856, 2, 19.0000, 20, 0),
(10856, 42, 14.0000, 20, 0),
(10857, 3, 10.0000, 30, 0),
(10857, 26, 31.2300, 35, 0.25),
(10857, 29, 123.7900, 10, 0.25),
(10858, 7, 30.0000, 5, 0),
(10858, 27, 43.9000, 10, 0),
(10858, 70, 15.0000, 4, 0),
(10859, 24, 4.5000, 40, 0.25),
(10859, 54, 7.4500, 35, 0.25),
(10859, 64, 33.2500, 30, 0.25),
(10860, 51, 53.0000, 3, 0),
(10860, 76, 18.0000, 20, 0),
(10861, 17, 39.0000, 42, 0),
(10861, 18, 62.5000, 20, 0),
(10861, 21, 10.0000, 40, 0),
(10861, 33, 2.5000, 35, 0),
(10861, 62, 49.3000, 3, 0),
(10862, 11, 21.0000, 25, 0),
(10862, 52, 7.0000, 8, 0),
(10863, 1, 18.0000, 20, 0.15),
(10863, 58, 13.2500, 12, 0.15),
(10864, 35, 18.0000, 4, 0),
(10864, 67, 14.0000, 15, 0),
(10865, 38, 263.5000, 60, 0.05),
(10865, 39, 18.0000, 80, 0.05),
(10866, 2, 19.0000, 21, 0.25),
(10866, 24, 4.5000, 6, 0.25),
(10866, 30, 25.8900, 40, 0.25),
(10867, 53, 32.8000, 3, 0),
(10868, 26, 31.2300, 20, 0),
(10868, 35, 18.0000, 30, 0),
(10868, 49, 20.0000, 42, 0.1),
(10869, 1, 18.0000, 40, 0),
(10869, 11, 21.0000, 10, 0),
(10869, 23, 9.0000, 50, 0),
(10869, 68, 12.5000, 20, 0),
(10870, 35, 18.0000, 3, 0),
(10870, 51, 53.0000, 2, 0),
(10871, 6, 25.0000, 50, 0.05),
(10871, 16, 17.4500, 12, 0.05),
(10871, 17, 39.0000, 16, 0.05),
(10872, 55, 24.0000, 10, 0.05),
(10872, 62, 49.3000, 20, 0.05),
(10872, 64, 33.2500, 15, 0.05),
(10872, 65, 21.0500, 21, 0.05),
(10873, 21, 10.0000, 20, 0),
(10873, 28, 45.6000, 3, 0),
(10874, 10, 31.0000, 10, 0),
(10875, 19, 9.2000, 25, 0),
(10875, 47, 9.5000, 21, 0.1),
(10875, 49, 20.0000, 15, 0),
(10876, 46, 12.0000, 21, 0),
(10876, 64, 33.2500, 20, 0),
(10877, 16, 17.4500, 30, 0.25),
(10877, 18, 62.5000, 25, 0),
(10878, 20, 81.0000, 20, 0.05),
(10879, 40, 18.4000, 12, 0),
(10879, 65, 21.0500, 10, 0),
(10879, 76, 18.0000, 10, 0),
(10880, 23, 9.0000, 30, 0.2),
(10880, 61, 28.5000, 30, 0.2),
(10880, 70, 15.0000, 50, 0.2),
(10881, 73, 15.0000, 10, 0),
(10882, 42, 14.0000, 25, 0),
(10882, 49, 20.0000, 20, 0.15),
(10882, 54, 7.4500, 32, 0.15),
(10883, 24, 4.5000, 8, 0),
(10884, 21, 10.0000, 40, 0.05),
(10884, 56, 38.0000, 21, 0.05),
(10884, 65, 21.0500, 12, 0.05),
(10885, 2, 19.0000, 20, 0),
(10885, 24, 4.5000, 12, 0),
(10885, 70, 15.0000, 30, 0),
(10885, 77, 13.0000, 25, 0),
(10886, 10, 31.0000, 70, 0),
(10886, 31, 12.5000, 35, 0),
(10886, 77, 13.0000, 40, 0),
(10887, 25, 14.0000, 5, 0),
(10888, 2, 19.0000, 20, 0),
(10888, 68, 12.5000, 18, 0),
(10889, 11, 21.0000, 40, 0),
(10889, 38, 263.5000, 40, 0),
(10890, 17, 39.0000, 15, 0),
(10890, 34, 14.0000, 10, 0),
(10890, 41, 9.6500, 14, 0),
(10891, 30, 25.8900, 15, 0.05),
(10892, 59, 55.0000, 40, 0.05),
(10893, 8, 40.0000, 30, 0),
(10893, 24, 4.5000, 10, 0),
(10893, 29, 123.7900, 24, 0),
(10893, 30, 25.8900, 35, 0),
(10893, 36, 19.0000, 20, 0),
(10894, 13, 6.0000, 28, 0.05),
(10894, 69, 36.0000, 50, 0.05),
(10894, 75, 7.7500, 120, 0.05),
(10895, 24, 4.5000, 110, 0),
(10895, 39, 18.0000, 45, 0),
(10895, 40, 18.4000, 91, 0),
(10895, 60, 34.0000, 100, 0),
(10896, 45, 9.5000, 15, 0),
(10896, 56, 38.0000, 16, 0),
(10897, 29, 123.7900, 80, 0),
(10897, 30, 25.8900, 36, 0),
(10898, 13, 6.0000, 5, 0),
(10899, 39, 18.0000, 8, 0.15),
(10900, 70, 15.0000, 3, 0.25),
(10901, 41, 9.6500, 30, 0),
(10901, 71, 21.5000, 30, 0),
(10902, 55, 24.0000, 30, 0.15),
(10902, 62, 49.3000, 6, 0.15),
(10903, 13, 6.0000, 40, 0),
(10903, 65, 21.0500, 21, 0),
(10903, 68, 12.5000, 20, 0),
(10904, 58, 13.2500, 15, 0),
(10904, 62, 49.3000, 35, 0),
(10905, 1, 18.0000, 20, 0.05),
(10906, 61, 28.5000, 15, 0),
(10907, 75, 7.7500, 14, 0),
(10908, 7, 30.0000, 20, 0.05),
(10908, 52, 7.0000, 14, 0.05),
(10909, 7, 30.0000, 12, 0),
(10909, 16, 17.4500, 15, 0),
(10909, 41, 9.6500, 5, 0),
(10910, 19, 9.2000, 12, 0),
(10910, 49, 20.0000, 10, 0),
(10910, 61, 28.5000, 5, 0),
(10911, 1, 18.0000, 10, 0),
(10911, 17, 39.0000, 12, 0),
(10911, 67, 14.0000, 15, 0),
(10912, 11, 21.0000, 40, 0.25),
(10912, 29, 123.7900, 60, 0.25),
(10913, 4, 22.0000, 30, 0.25),
(10913, 33, 2.5000, 40, 0.25),
(10913, 58, 13.2500, 15, 0),
(10914, 71, 21.5000, 25, 0),
(10915, 17, 39.0000, 10, 0),
(10915, 33, 2.5000, 30, 0),
(10915, 54, 7.4500, 10, 0),
(10916, 16, 17.4500, 6, 0),
(10916, 32, 32.0000, 6, 0),
(10916, 57, 19.5000, 20, 0),
(10917, 30, 25.8900, 1, 0),
(10917, 60, 34.0000, 10, 0),
(10918, 1, 18.0000, 60, 0.25),
(10918, 60, 34.0000, 25, 0.25),
(10919, 16, 17.4500, 24, 0),
(10919, 25, 14.0000, 24, 0),
(10919, 40, 18.4000, 20, 0),
(10920, 50, 16.2500, 24, 0),
(10921, 35, 18.0000, 10, 0),
(10921, 63, 43.9000, 40, 0),
(10922, 17, 39.0000, 15, 0),
(10922, 24, 4.5000, 35, 0),
(10923, 42, 14.0000, 10, 0.2),
(10923, 43, 46.0000, 10, 0.2),
(10923, 67, 14.0000, 24, 0.2),
(10924, 10, 31.0000, 20, 0.1),
(10924, 28, 45.6000, 30, 0.1),
(10924, 75, 7.7500, 6, 0),
(10925, 36, 19.0000, 25, 0.15),
(10925, 52, 7.0000, 12, 0.15),
(10926, 11, 21.0000, 2, 0),
(10926, 13, 6.0000, 10, 0),
(10926, 19, 9.2000, 7, 0),
(10926, 72, 34.8000, 10, 0),
(10927, 20, 81.0000, 5, 0),
(10927, 52, 7.0000, 5, 0),
(10927, 76, 18.0000, 20, 0),
(10928, 47, 9.5000, 5, 0),
(10928, 76, 18.0000, 5, 0),
(10929, 21, 10.0000, 60, 0),
(10929, 75, 7.7500, 49, 0),
(10929, 77, 13.0000, 15, 0),
(10930, 21, 10.0000, 36, 0),
(10930, 27, 43.9000, 25, 0),
(10930, 55, 24.0000, 25, 0.2),
(10930, 58, 13.2500, 30, 0.2),
(10931, 13, 6.0000, 42, 0.15),
(10931, 57, 19.5000, 30, 0),
(10932, 16, 17.4500, 30, 0.1),
(10932, 62, 49.3000, 14, 0.1),
(10932, 72, 34.8000, 16, 0),
(10932, 75, 7.7500, 20, 0.1),
(10933, 53, 32.8000, 2, 0),
(10933, 61, 28.5000, 30, 0),
(10934, 6, 25.0000, 20, 0),
(10935, 1, 18.0000, 21, 0),
(10935, 18, 62.5000, 4, 0.25),
(10935, 23, 9.0000, 8, 0.25),
(10936, 36, 19.0000, 30, 0.2),
(10937, 28, 45.6000, 8, 0),
(10937, 34, 14.0000, 20, 0),
(10938, 13, 6.0000, 20, 0.25),
(10938, 43, 46.0000, 24, 0.25),
(10938, 60, 34.0000, 49, 0.25),
(10938, 71, 21.5000, 35, 0.25),
(10939, 2, 19.0000, 10, 0.15),
(10939, 67, 14.0000, 40, 0.15),
(10940, 7, 30.0000, 8, 0),
(10940, 13, 6.0000, 20, 0),
(10941, 31, 12.5000, 44, 0.25),
(10941, 62, 49.3000, 30, 0.25),
(10941, 68, 12.5000, 80, 0.25),
(10941, 72, 34.8000, 50, 0),
(10942, 49, 20.0000, 28, 0),
(10943, 13, 6.0000, 15, 0),
(10943, 22, 21.0000, 21, 0),
(10943, 46, 12.0000, 15, 0),
(10944, 11, 21.0000, 5, 0.25),
(10944, 44, 19.4500, 18, 0.25),
(10944, 56, 38.0000, 18, 0),
(10945, 13, 6.0000, 20, 0),
(10945, 31, 12.5000, 10, 0),
(10946, 10, 31.0000, 25, 0),
(10946, 24, 4.5000, 25, 0),
(10946, 77, 13.0000, 40, 0),
(10947, 59, 55.0000, 4, 0),
(10948, 50, 16.2500, 9, 0),
(10948, 51, 53.0000, 40, 0),
(10948, 55, 24.0000, 4, 0),
(10949, 6, 25.0000, 12, 0),
(10949, 10, 31.0000, 30, 0),
(10949, 17, 39.0000, 6, 0),
(10949, 62, 49.3000, 60, 0),
(10950, 4, 22.0000, 5, 0),
(10951, 33, 2.5000, 15, 0.05),
(10951, 41, 9.6500, 6, 0.05),
(10951, 75, 7.7500, 50, 0.05),
(10952, 6, 25.0000, 16, 0.05),
(10952, 28, 45.6000, 2, 0),
(10953, 20, 81.0000, 50, 0.05),
(10953, 31, 12.5000, 50, 0.05),
(10954, 16, 17.4500, 28, 0.15),
(10954, 31, 12.5000, 25, 0.15),
(10954, 45, 9.5000, 30, 0),
(10954, 60, 34.0000, 24, 0.15),
(10955, 75, 7.7500, 12, 0.2),
(10956, 21, 10.0000, 12, 0),
(10956, 47, 9.5000, 14, 0),
(10956, 51, 53.0000, 8, 0),
(10957, 30, 25.8900, 30, 0),
(10957, 35, 18.0000, 40, 0),
(10957, 64, 33.2500, 8, 0),
(10958, 5, 21.3500, 20, 0),
(10958, 7, 30.0000, 6, 0),
(10958, 72, 34.8000, 5, 0),
(10959, 75, 7.7500, 20, 0.15),
(10960, 24, 4.5000, 10, 0.25),
(10960, 41, 9.6500, 24, 0),
(10961, 52, 7.0000, 6, 0.05),
(10961, 76, 18.0000, 60, 0),
(10962, 7, 30.0000, 45, 0),
(10962, 13, 6.0000, 77, 0),
(10962, 53, 32.8000, 20, 0),
(10962, 69, 36.0000, 9, 0),
(10962, 76, 18.0000, 44, 0),
(10963, 60, 34.0000, 2, 0.15),
(10964, 18, 62.5000, 6, 0),
(10964, 38, 263.5000, 5, 0),
(10964, 69, 36.0000, 10, 0),
(10965, 51, 53.0000, 16, 0),
(10966, 37, 26.0000, 8, 0),
(10966, 56, 38.0000, 12, 0.15),
(10966, 62, 49.3000, 12, 0.15),
(10967, 19, 9.2000, 12, 0),
(10967, 49, 20.0000, 40, 0),
(10968, 12, 38.0000, 30, 0),
(10968, 24, 4.5000, 30, 0),
(10968, 64, 33.2500, 4, 0),
(10969, 46, 12.0000, 9, 0),
(10970, 52, 7.0000, 40, 0.2),
(10971, 29, 123.7900, 14, 0),
(10972, 17, 39.0000, 6, 0),
(10972, 33, 2.5000, 7, 0),
(10973, 26, 31.2300, 5, 0),
(10973, 41, 9.6500, 6, 0),
(10973, 75, 7.7500, 10, 0),
(10974, 63, 43.9000, 10, 0),
(10975, 8, 40.0000, 16, 0),
(10975, 75, 7.7500, 10, 0),
(10976, 28, 45.6000, 20, 0),
(10977, 39, 18.0000, 30, 0),
(10977, 47, 9.5000, 30, 0),
(10977, 51, 53.0000, 10, 0),
(10977, 63, 43.9000, 20, 0),
(10978, 8, 40.0000, 20, 0.15),
(10978, 21, 10.0000, 40, 0.15),
(10978, 40, 18.4000, 10, 0),
(10978, 44, 19.4500, 6, 0.15),
(10979, 7, 30.0000, 18, 0),
(10979, 12, 38.0000, 20, 0),
(10979, 24, 4.5000, 80, 0),
(10979, 27, 43.9000, 30, 0),
(10979, 31, 12.5000, 24, 0),
(10979, 63, 43.9000, 35, 0),
(10980, 75, 7.7500, 40, 0.2),
(10981, 38, 263.5000, 60, 0),
(10982, 7, 30.0000, 20, 0),
(10982, 43, 46.0000, 9, 0),
(10983, 13, 6.0000, 84, 0.15),
(10983, 57, 19.5000, 15, 0),
(10984, 16, 17.4500, 55, 0),
(10984, 24, 4.5000, 20, 0),
(10984, 36, 19.0000, 40, 0),
(10985, 16, 17.4500, 36, 0.1),
(10985, 18, 62.5000, 8, 0.1),
(10985, 32, 32.0000, 35, 0.1),
(10986, 11, 21.0000, 30, 0),
(10986, 20, 81.0000, 15, 0),
(10986, 76, 18.0000, 10, 0),
(10986, 77, 13.0000, 15, 0),
(10987, 7, 30.0000, 60, 0),
(10987, 43, 46.0000, 6, 0),
(10987, 72, 34.8000, 20, 0),
(10988, 7, 30.0000, 60, 0),
(10988, 62, 49.3000, 40, 0.1),
(10989, 6, 25.0000, 40, 0),
(10989, 11, 21.0000, 15, 0),
(10989, 41, 9.6500, 4, 0),
(10990, 21, 10.0000, 65, 0),
(10990, 34, 14.0000, 60, 0.15),
(10990, 55, 24.0000, 65, 0.15),
(10990, 61, 28.5000, 66, 0.15),
(10991, 2, 19.0000, 50, 0.2),
(10991, 70, 15.0000, 20, 0.2),
(10991, 76, 18.0000, 90, 0.2),
(10992, 72, 34.8000, 2, 0),
(10993, 29, 123.7900, 50, 0.25),
(10993, 41, 9.6500, 35, 0.25),
(10994, 59, 55.0000, 18, 0.05),
(10995, 51, 53.0000, 20, 0),
(10995, 60, 34.0000, 4, 0),
(10996, 42, 14.0000, 40, 0),
(10997, 32, 32.0000, 50, 0),
(10997, 46, 12.0000, 20, 0.25),
(10997, 52, 7.0000, 20, 0.25),
(10998, 24, 4.5000, 12, 0),
(10998, 61, 28.5000, 7, 0),
(10998, 74, 10.0000, 20, 0),
(10998, 75, 7.7500, 30, 0),
(10999, 41, 9.6500, 20, 0.05),
(10999, 51, 53.0000, 15, 0.05),
(10999, 77, 13.0000, 21, 0.05),
(11000, 4, 22.0000, 25, 0.25),
(11000, 24, 4.5000, 30, 0.25),
(11000, 77, 13.0000, 30, 0),
(11001, 7, 30.0000, 60, 0),
(11001, 22, 21.0000, 25, 0),
(11001, 46, 12.0000, 25, 0),
(11001, 55, 24.0000, 6, 0),
(11002, 13, 6.0000, 56, 0),
(11002, 35, 18.0000, 15, 0.15),
(11002, 42, 14.0000, 24, 0.15),
(11002, 55, 24.0000, 40, 0),
(11003, 1, 18.0000, 4, 0),
(11003, 40, 18.4000, 10, 0),
(11003, 52, 7.0000, 10, 0),
(11004, 26, 31.2300, 6, 0),
(11004, 76, 18.0000, 6, 0),
(11005, 1, 18.0000, 2, 0),
(11005, 59, 55.0000, 10, 0),
(11006, 1, 18.0000, 8, 0),
(11006, 29, 123.7900, 2, 0.25),
(11007, 8, 40.0000, 30, 0),
(11007, 29, 123.7900, 10, 0),
(11007, 42, 14.0000, 14, 0),
(11008, 28, 45.6000, 70, 0.05),
(11008, 34, 14.0000, 90, 0.05),
(11008, 71, 21.5000, 21, 0),
(11009, 24, 4.5000, 12, 0),
(11009, 36, 19.0000, 18, 0.25),
(11009, 60, 34.0000, 9, 0),
(11010, 7, 30.0000, 20, 0),
(11010, 24, 4.5000, 10, 0),
(11011, 58, 13.2500, 40, 0.05),
(11011, 71, 21.5000, 20, 0),
(11012, 19, 9.2000, 50, 0.05),
(11012, 60, 34.0000, 36, 0.05),
(11012, 71, 21.5000, 60, 0.05),
(11013, 23, 9.0000, 10, 0),
(11013, 42, 14.0000, 4, 0),
(11013, 45, 9.5000, 20, 0),
(11013, 68, 12.5000, 2, 0),
(11014, 41, 9.6500, 28, 0.1),
(11015, 30, 25.8900, 15, 0),
(11015, 77, 13.0000, 18, 0),
(11016, 31, 12.5000, 15, 0),
(11016, 36, 19.0000, 16, 0),
(11017, 3, 10.0000, 25, 0),
(11017, 59, 55.0000, 110, 0),
(11017, 70, 15.0000, 30, 0),
(11018, 12, 38.0000, 20, 0),
(11018, 18, 62.5000, 10, 0),
(11018, 56, 38.0000, 5, 0),
(11019, 46, 12.0000, 3, 0),
(11019, 49, 20.0000, 2, 0),
(11020, 10, 31.0000, 24, 0.15),
(11021, 2, 19.0000, 11, 0.25),
(11021, 20, 81.0000, 15, 0),
(11021, 26, 31.2300, 63, 0),
(11021, 51, 53.0000, 44, 0.25),
(11021, 72, 34.8000, 35, 0),
(11022, 19, 9.2000, 35, 0),
(11022, 69, 36.0000, 30, 0),
(11023, 7, 30.0000, 4, 0),
(11023, 43, 46.0000, 30, 0),
(11024, 26, 31.2300, 12, 0),
(11024, 33, 2.5000, 30, 0),
(11024, 65, 21.0500, 21, 0),
(11024, 71, 21.5000, 50, 0),
(11025, 1, 18.0000, 10, 0.1),
(11025, 13, 6.0000, 20, 0.1),
(11026, 18, 62.5000, 8, 0),
(11026, 51, 53.0000, 10, 0),
(11027, 24, 4.5000, 30, 0.25),
(11027, 62, 49.3000, 21, 0.25),
(11028, 55, 24.0000, 35, 0),
(11028, 59, 55.0000, 24, 0),
(11029, 56, 38.0000, 20, 0),
(11029, 63, 43.9000, 12, 0),
(11030, 2, 19.0000, 100, 0.25),
(11030, 5, 21.3500, 70, 0),
(11030, 29, 123.7900, 60, 0.25),
(11030, 59, 55.0000, 100, 0.25),
(11031, 1, 18.0000, 45, 0),
(11031, 13, 6.0000, 80, 0),
(11031, 24, 4.5000, 21, 0),
(11031, 64, 33.2500, 20, 0),
(11031, 71, 21.5000, 16, 0),
(11032, 36, 19.0000, 35, 0),
(11032, 38, 263.5000, 25, 0),
(11032, 59, 55.0000, 30, 0),
(11033, 53, 32.8000, 70, 0.1),
(11033, 69, 36.0000, 36, 0.1),
(11034, 21, 10.0000, 15, 0.1),
(11034, 44, 19.4500, 12, 0),
(11034, 61, 28.5000, 6, 0),
(11035, 1, 18.0000, 10, 0),
(11035, 35, 18.0000, 60, 0),
(11035, 42, 14.0000, 30, 0),
(11035, 54, 7.4500, 10, 0),
(11036, 13, 6.0000, 7, 0),
(11036, 59, 55.0000, 30, 0),
(11037, 70, 15.0000, 4, 0),
(11038, 40, 18.4000, 5, 0.2),
(11038, 52, 7.0000, 2, 0),
(11038, 71, 21.5000, 30, 0),
(11039, 28, 45.6000, 20, 0),
(11039, 35, 18.0000, 24, 0),
(11039, 49, 20.0000, 60, 0),
(11039, 57, 19.5000, 28, 0),
(11040, 21, 10.0000, 20, 0),
(11041, 2, 19.0000, 30, 0.2),
(11041, 63, 43.9000, 30, 0),
(11042, 44, 19.4500, 15, 0),
(11042, 61, 28.5000, 4, 0),
(11043, 11, 21.0000, 10, 0),
(11044, 62, 49.3000, 12, 0),
(11045, 33, 2.5000, 15, 0),
(11045, 51, 53.0000, 24, 0),
(11046, 12, 38.0000, 20, 0.05),
(11046, 32, 32.0000, 15, 0.05),
(11046, 35, 18.0000, 18, 0.05),
(11047, 1, 18.0000, 25, 0.25),
(11047, 5, 21.3500, 30, 0.25),
(11048, 68, 12.5000, 42, 0),
(11049, 2, 19.0000, 10, 0.2),
(11049, 12, 38.0000, 4, 0.2),
(11050, 76, 18.0000, 50, 0.1),
(11051, 24, 4.5000, 10, 0.2),
(11052, 43, 46.0000, 30, 0.2),
(11052, 61, 28.5000, 10, 0.2),
(11053, 18, 62.5000, 35, 0.2),
(11053, 32, 32.0000, 20, 0),
(11053, 64, 33.2500, 25, 0.2),
(11054, 33, 2.5000, 10, 0),
(11054, 67, 14.0000, 20, 0),
(11055, 24, 4.5000, 15, 0),
(11055, 25, 14.0000, 15, 0),
(11055, 51, 53.0000, 20, 0),
(11055, 57, 19.5000, 20, 0),
(11056, 7, 30.0000, 40, 0),
(11056, 55, 24.0000, 35, 0),
(11056, 60, 34.0000, 50, 0),
(11057, 70, 15.0000, 3, 0),
(11058, 21, 10.0000, 3, 0),
(11058, 60, 34.0000, 21, 0),
(11058, 61, 28.5000, 4, 0),
(11059, 13, 6.0000, 30, 0),
(11059, 17, 39.0000, 12, 0),
(11059, 60, 34.0000, 35, 0),
(11060, 60, 34.0000, 4, 0),
(11060, 77, 13.0000, 10, 0),
(11061, 60, 34.0000, 15, 0),
(11062, 53, 32.8000, 10, 0.2),
(11062, 70, 15.0000, 12, 0.2),
(11063, 34, 14.0000, 30, 0),
(11063, 40, 18.4000, 40, 0.1),
(11063, 41, 9.6500, 30, 0.1),
(11064, 17, 39.0000, 77, 0.1),
(11064, 41, 9.6500, 12, 0),
(11064, 53, 32.8000, 25, 0.1),
(11064, 55, 24.0000, 4, 0.1),
(11064, 68, 12.5000, 55, 0),
(11065, 30, 25.8900, 4, 0.25),
(11065, 54, 7.4500, 20, 0.25),
(11066, 16, 17.4500, 3, 0),
(11066, 19, 9.2000, 42, 0),
(11066, 34, 14.0000, 35, 0),
(11067, 41, 9.6500, 9, 0),
(11068, 28, 45.6000, 8, 0.15),
(11068, 43, 46.0000, 36, 0.15),
(11068, 77, 13.0000, 28, 0.15),
(11069, 39, 18.0000, 20, 0),
(11070, 1, 18.0000, 40, 0.15),
(11070, 2, 19.0000, 20, 0.15),
(11070, 16, 17.4500, 30, 0.15),
(11070, 31, 12.5000, 20, 0),
(11071, 7, 30.0000, 15, 0.05),
(11071, 13, 6.0000, 10, 0.05),
(11072, 2, 19.0000, 8, 0),
(11072, 41, 9.6500, 40, 0),
(11072, 50, 16.2500, 22, 0),
(11072, 64, 33.2500, 130, 0),
(11073, 11, 21.0000, 10, 0),
(11073, 24, 4.5000, 20, 0),
(11074, 16, 17.4500, 14, 0.05),
(11075, 2, 19.0000, 10, 0.15),
(11075, 46, 12.0000, 30, 0.15),
(11075, 76, 18.0000, 2, 0.15),
(11076, 6, 25.0000, 20, 0.25),
(11076, 14, 23.2500, 20, 0.25),
(11076, 19, 9.2000, 10, 0.25),
(11077, 2, 19.0000, 24, 0.2),
(11077, 3, 10.0000, 4, 0),
(11077, 4, 22.0000, 1, 0),
(11077, 6, 25.0000, 1, 0.02),
(11077, 7, 30.0000, 1, 0.05),
(11077, 8, 40.0000, 2, 0.1),
(11077, 10, 31.0000, 1, 0),
(11077, 12, 38.0000, 2, 0.05),
(11077, 13, 6.0000, 4, 0),
(11077, 14, 23.2500, 1, 0.03),
(11077, 16, 17.4500, 2, 0.03),
(11077, 20, 81.0000, 1, 0.04),
(11077, 23, 9.0000, 2, 0),
(11077, 32, 32.0000, 1, 0),
(11077, 39, 18.0000, 2, 0.05),
(11077, 41, 9.6500, 3, 0),
(11077, 46, 12.0000, 3, 0.02),
(11077, 52, 7.0000, 2, 0),
(11077, 55, 24.0000, 2, 0),
(11077, 60, 34.0000, 2, 0.06),
(11077, 64, 33.2500, 2, 0.03),
(11077, 66, 17.0000, 1, 0),
(11077, 73, 15.0000, 2, 0.01),
(11077, 75, 7.7500, 4, 0),
(11077, 77, 13.0000, 2, 0);

INSERT INTO Region (IDRegion, RegionDescripcion) VALUES
(1, 'Oriental                                          '),
(2, 'Occidental                                        '),
(3, 'Norteña                                           '),
(4, 'Sureña                                            ');

INSERT INTO Territorios (IDTerritorio, DescripcionTerritorio, IDRegion) VALUES
('01581', 'Westboro                                          ', 1),
('01730', 'Bedford                                           ', 1),
('01833', 'Georgetow                                         ', 1),
('02116', 'Boston                                            ', 1),
('02139', 'Cambridge                                         ', 1),
('02184', 'Braintree                                         ', 1),
('02903', 'Providence                                        ', 1),
('03049', 'Hollis                                            ', 3),
('03801', 'Portsmouth                                        ', 3),
('06897', 'Wilton                                            ', 1),
('07960', 'Morristown                                        ', 1),
('08837', 'Edison                                            ', 1),
('10019', 'New York                                          ', 1),
('10038', 'New York                                          ', 1),
('11747', 'Mellvile                                          ', 1),
('14450', 'Fairport                                          ', 1),
('19428', 'Philadelphia                                      ', 3),
('19713', 'Neward                                            ', 1),
('20852', 'Rockville                                         ', 1),
('27403', 'Greensboro                                        ', 1),
('27511', 'Cary                                              ', 1),
('29202', 'Columbia                                          ', 4),
('30346', 'Atlanta                                           ', 4),
('31406', 'Savannah                                          ', 4),
('32859', 'Orlando                                           ', 4),
('33607', 'Tampa                                             ', 4),
('40222', 'Louisville                                        ', 1),
('44122', 'Beachwood                                         ', 3),
('45839', 'Findlay                                           ', 3),
('48075', 'Southfield                                        ', 3),
('48084', 'Troy                                              ', 3),
('48304', 'Bloomfield Hills                                  ', 3),
('53404', 'Racine                                            ', 3),
('55113', 'Roseville                                         ', 3),
('55439', 'Minneapolis                                       ', 3),
('60179', 'Hoffman Estates                                   ', 2),
('60601', 'Chicago                                           ', 2),
('72716', 'Bentonville                                       ', 4),
('75234', 'Dallas                                            ', 4),
('78759', 'Austin                                            ', 4),
('80202', 'Denver                                            ', 2),
('80909', 'Colorado Springs                                  ', 2),
('85014', 'Phoenix                                           ', 2),
('85251', 'Scottsdale                                        ', 2),
('90405', 'Santa Monica                                      ', 2),
('94025', 'Menlo Park                                        ', 2),
('94105', 'San Francisco                                     ', 2),
('95008', 'Campbell                                          ', 2),
('95054', 'Santa Clara                                       ', 2),
('95060', 'Santa Cruz                                        ', 2),
('98004', 'Bellevue                                          ', 2),
('98052', 'Redmond                                           ', 2),
('98104', 'Seattle                                           ', 2);

INSERT INTO EmpleadoTerritorios (IDEmpleado, IDTerritorio) VALUES
(1, '06897'),
(1, '19713'),
(2, '01581'),
(2, '01730'),
(2, '01833'),
(2, '02116'),
(2, '02139'),
(2, '02184'),
(2, '40222'),
(3, '30346'),
(3, '31406'),
(3, '32859'),
(3, '33607'),
(4, '20852'),
(4, '27403'),
(4, '27511'),
(5, '02903'),
(5, '07960'),
(5, '08837'),
(5, '10019'),
(5, '10038'),
(5, '11747'),
(5, '14450'),
(6, '85014'),
(6, '85251'),
(6, '98004'),
(6, '98052'),
(6, '98104'),
(7, '60179'),
(7, '60601'),
(7, '80202'),
(7, '80909'),
(7, '90405'),
(7, '94025'),
(7, '94105'),
(7, '95008'),
(7, '95054'),
(7, '95060'),
(8, '19428'),
(8, '44122'),
(8, '45839'),
(8, '53404'),
(9, '03049'),
(9, '03801'),
(9, '48075'),
(9, '48084'),
(9, '48304'),
(9, '55113'),
(9, '55439');

CREATE PROCEDURE CliePedidosDetalle (
IN pIDPedido int
)
LANGUAGE plpgsql
AS $$
BEGIN
    SELECT NombreProducto,
        ROUND(Od.PrecioUnitario, 2) AS PrecioUnitario,
        Cantidad,
        CAST(Descuento * 100 AS int) AS Descuento,
        ROUND(CAST(Cantidad * (1 - Descuento) * Od.PrecioUnitario AS decimal(19,4)), 2) AS PrecioAmpliado
    FROM Productos P, "Detalles Pedido" Od
    WHERE Od.IDProducto = P.IDProducto and Od.IDPedido = pIDPedido;
END
$$;

CREATE PROCEDURE CliePedidosHist (
IN pIDCliente char(5)
)
LANGUAGE plpgsql
AS $$
BEGIN
    SELECT NombreProducto, SUM(Cantidad) AS Total
    FROM Productos P, "Detalles Pedido" OD, Pedidos O, Clientes C
    WHERE C.IDCliente = pIDCliente
    AND C.IDCliente = O.IDCliente AND O.IDPedido = OD.IDPedido AND OD.IDProducto = P.IDProducto
    GROUP BY NombreProducto;
END
$$;

CREATE PROCEDURE CliePedidosRealizados (
IN pIDCliente char(5)
)
LANGUAGE plpgsql
AS $$
BEGIN
    SELECT IDPedido,
        FechaPedido,
        FechaRequerida,
        FechaEnvio
    FROM Pedidos
    WHERE IDCliente = pIDCliente
    ORDER BY IDPedido;
END
$$;

CREATE PROCEDURE "Diez productos mas caros" ()
LANGUAGE plpgsql
AS $$
BEGIN
    SELECT Productos.NombreProducto AS TenMostExpensiveProductos, Productos.PrecioUnitario
    FROM Productos
    ORDER BY Productos.PrecioUnitario DESC
    LIMIT 10;
END
$$;

CREATE PROCEDURE "Ventas de empleados por pais" (
IN pFecha_inicio TIMESTAMP,
IN pFecha_fin TIMESTAMP
)
LANGUAGE plpgsql
AS $$
BEGIN
    SELECT Empleados.Pais, Empleados.Apellido, Empleados.Nombre, Pedidos.FechaEnvio, Pedidos.IDPedido, "Subtotales de pedidos".Subtotal AS MontoVenta
    FROM Empleados INNER JOIN
        (Pedidos INNER JOIN "Subtotales de pedidos" ON Pedidos.IDPedido = "Subtotales de pedidos".IDPedido)
        ON Empleados.IDEmpleado = Pedidos.IDEmpleado
    WHERE Pedidos.FechaEnvio Between pFecha_inicio And pFecha_fin;
END
$$;

CREATE PROCEDURE "Ventas por Anio" (
IN pFecha_inicio TIMESTAMP,
IN pFecha_fin TIMESTAMP
)
LANGUAGE plpgsql
AS $$
BEGIN
    SELECT Pedidos.FechaEnvio, Pedidos.IDPedido, "Subtotales de pedidos".Subtotal, EXTRACT(YEAR FROM FechaEnvio) AS Anio
    FROM Pedidos INNER JOIN "Subtotales de pedidos" ON Pedidos.IDPedido = "Subtotales de pedidos".IDPedido
    WHERE Pedidos.FechaEnvio Between pFecha_inicio And pFecha_fin;
END
$$;

CREATE PROCEDURE VentasPorCategoria (
IN pNombreCategoria varchar(15),
IN pAnioPedido varchar(4)
)
LANGUAGE plpgsql
AS $$
BEGIN
	IF pAnioPedido != '2019' AND pAnioPedido != '2020' AND pAnioPedido != '2021' THEN
		SET pAnioPedido = '2021';
	END IF;

	SELECT NombreProducto,
		ROUND(SUM(CAST(OD.Cantidad * (1-OD.Descuento) * OD.PrecioUnitario AS decimal(14,2))), 0) AS CompraTotal
	FROM "Detalles Pedido" OD, Pedidos O, Productos P, Categorias C
	WHERE OD.IDPedido = O.IDPedido
		AND OD.IDProducto = P.IDProducto
		AND P.IDCategoria = C.IDCategoria
		AND C.NombreCategoria = pNombreCategoria
		AND SUBSTRING(TO_CHAR(O.FechaPedido, 'YYYYMMDD'), 1, 4) =  pAnioPedido
	GROUP BY NombreProducto
	ORDER BY NombreProducto;
END
$$;

CREATE VIEW "Clientes y Proveedores por Ciudad" AS
SELECT Ciudad, NombreEmpresa, NombreContacto, 'Clientes' AS Relacion
FROM Clientes
UNION SELECT Ciudad, NombreEmpresa, NombreContacto, 'Proveedores'
FROM Proveedores;

CREATE VIEW "Lista alfabetica de productos" AS
SELECT Productos.*, Categorias.NombreCategoria
FROM Categorias INNER JOIN Productos ON Categorias.IDCategoria = Productos.IDCategoria
WHERE (((Productos.Discontinuado)=0));

CREATE VIEW "Lista de productos actual" AS
SELECT Product_List.IDProducto, Product_List.NombreProducto
FROM Productos AS Product_List
WHERE (((Product_List.Discontinuado)=0));

CREATE VIEW "Consulta de pedidos" AS
SELECT Pedidos.IDPedido, Pedidos.IDCliente, Pedidos.IDEmpleado, Pedidos.FechaPedido, Pedidos.FechaRequerida,
	Pedidos.FechaEnvio, Pedidos.EnvioPor, Pedidos.Flete, Pedidos.NombreEnvio, Pedidos.DireccionEnvio, Pedidos.CiudadEnvio,
	Pedidos.RegionEnvio, Pedidos.CodigoPostalEnvio, Pedidos.PaisEnvio,
	Clientes.NombreEmpresa, Clientes.Direccion, Clientes.Ciudad, Clientes.Region, Clientes.CodigoPostal, Clientes.Pais
FROM Clientes INNER JOIN Pedidos ON Clientes.IDCliente = Pedidos.IDCliente;

CREATE VIEW "Productos por encima del precio promedio" AS
SELECT Productos.NombreProducto, Productos.PrecioUnitario
FROM Productos
WHERE Productos.PrecioUnitario>(SELECT AVG(PrecioUnitario) From Productos);

CREATE VIEW "Productos por categoria" AS
SELECT Categorias.NombreCategoria, Productos.NombreProducto, Productos.CantidadPorUnidad, Productos.UnidadesEnStock, Productos.Discontinuado
FROM Categorias INNER JOIN Productos ON Categorias.IDCategoria = Productos.IDCategoria
WHERE Productos.Discontinuado <> 1;


CREATE VIEW "Pedidos Trimestrales" AS
SELECT DISTINCT Clientes.IDCliente, Clientes.NombreEmpresa, Clientes.Ciudad, Clientes.Pais
FROM Clientes RIGHT JOIN Pedidos ON Clientes.IDCliente = Pedidos.IDCliente
WHERE Pedidos.FechaPedido BETWEEN '20200101' And '20201231';

CREATE VIEW Facturas AS
SELECT Pedidos.NombreEnvio, Pedidos.DireccionEnvio, Pedidos.CiudadEnvio, Pedidos.RegionEnvio, Pedidos.CodigoPostalEnvio,
	Pedidos.PaisEnvio, Pedidos.IDCliente, Clientes.NombreEmpresa AS NombreCliente, Clientes.Direccion, Clientes.Ciudad,
	Clientes.Region, Clientes.CodigoPostal, Clientes.Pais,
	CONCAT(Nombre, ' ', Apellido) AS Vendedor,
	Pedidos.IDPedido, Pedidos.FechaPedido, Pedidos.FechaRequerida, Pedidos.FechaEnvio, Transportistas.NombreEmpresa As NombreTransportista,
	"Detalles Pedido".IDProducto, Productos.NombreProducto, "Detalles Pedido".PrecioUnitario, "Detalles Pedido".Cantidad,
	"Detalles Pedido".Descuento,
	(CAST(("Detalles Pedido".PrecioUnitario*Cantidad*(1-Descuento)/100) AS decimal(19,4))*100) AS PrecioAmpliado, Pedidos.Flete
FROM 	Transportistas INNER JOIN
		(Productos INNER JOIN
			(
				(Empleados INNER JOIN
					(Clientes INNER JOIN Pedidos ON Clientes.IDCliente = Pedidos.IDCliente)
				ON Empleados.IDEmpleado = Pedidos.IDEmpleado)
			INNER JOIN "Detalles Pedido" ON Pedidos.IDPedido = "Detalles Pedido".IDPedido)
		ON Productos.IDProducto = "Detalles Pedido".IDProducto)
	ON Transportistas.IDTransportista = Pedidos.EnvioPor;


CREATE VIEW "Detalles Pedido ampliados" AS
SELECT "Detalles Pedido".IDPedido, "Detalles Pedido".IDProducto, Productos.NombreProducto,
	"Detalles Pedido".PrecioUnitario, "Detalles Pedido".Cantidad, "Detalles Pedido".Descuento,
	(CAST(("Detalles Pedido".PrecioUnitario*Cantidad*(1-Descuento)/100) AS decimal(19,4))*100) AS PrecioAmpliado
FROM Productos INNER JOIN "Detalles Pedido" ON Productos.IDProducto = "Detalles Pedido".IDProducto;


CREATE VIEW "Subtotales de pedidos" AS
SELECT "Detalles Pedido".IDPedido, Sum(CAST(("Detalles Pedido".PrecioUnitario*Cantidad*(1-Descuento)/100) AS decimal(19,4))*100) AS Subtotal
FROM "Detalles Pedido"
GROUP BY "Detalles Pedido".IDPedido;


CREATE VIEW "Ventas de productos para 2020" AS
SELECT Categorias.NombreCategoria, Productos.NombreProducto,
Sum(CAST(("Detalles Pedido".PrecioUnitario*Cantidad*(1-Descuento)/100) AS decimal(19,4))*100) AS VentasProducto
FROM (Categorias INNER JOIN Productos ON Categorias.IDCategoria = Productos.IDCategoria)
	INNER JOIN (Pedidos
		INNER JOIN "Detalles Pedido" ON Pedidos.IDPedido = "Detalles Pedido".IDPedido)
	ON Productos.IDProducto = "Detalles Pedido".IDProducto
WHERE (((Pedidos.FechaEnvio) Between '20200101' And '20201231'))
GROUP BY Categorias.NombreCategoria, Productos.NombreProducto;


CREATE VIEW "Ventas por Categoria en 2020" AS
SELECT "Ventas de productos para 2020".NombreCategoria, Sum("Ventas de productos para 2020".VentasProducto) AS VentasCategoria
FROM "Ventas de productos para 2020"
GROUP BY "Ventas de productos para 2020".NombreCategoria;


CREATE VIEW "Ventas por Categoria" AS
SELECT Categorias.IDCategoria, Categorias.NombreCategoria, Productos.NombreProducto,
	Sum("Detalles Pedido ampliados".PrecioAmpliado) AS VentasProducto
FROM 	Categorias INNER JOIN
		(Productos INNER JOIN
			(Pedidos INNER JOIN "Detalles Pedido ampliados" ON Pedidos.IDPedido = "Detalles Pedido ampliados".IDPedido)
		ON Productos.IDProducto = "Detalles Pedido ampliados".IDProducto)
	ON Categorias.IDCategoria = Productos.IDCategoria
WHERE Pedidos.FechaPedido BETWEEN '20200101' And '20201231'
GROUP BY Categorias.IDCategoria, Categorias.NombreCategoria, Productos.NombreProducto;


CREATE VIEW "Totales de ventas por cantidad" AS
SELECT "Subtotales de pedidos".Subtotal AS MontoVenta, Pedidos.IDPedido, Clientes.NombreEmpresa, Pedidos.FechaEnvio
FROM 	Clientes INNER JOIN
		(Pedidos INNER JOIN "Subtotales de pedidos" ON Pedidos.IDPedido = "Subtotales de pedidos".IDPedido)
	ON Clientes.IDCliente = Pedidos.IDCliente
WHERE ("Subtotales de pedidos".Subtotal >2500) AND (Pedidos.FechaEnvio BETWEEN '20200101' And '20201231');


CREATE VIEW "Resumen de Ventas por Trimestre" AS
SELECT Pedidos.FechaEnvio, Pedidos.IDPedido, "Subtotales de pedidos".Subtotal
FROM Pedidos INNER JOIN "Subtotales de pedidos" ON Pedidos.IDPedido = "Subtotales de pedidos".IDPedido
WHERE Pedidos.FechaEnvio IS NOT NULL;


CREATE VIEW "Resumen de Ventas por Anio" AS
SELECT Pedidos.FechaEnvio, Pedidos.IDPedido, "Subtotales de pedidos".Subtotal
FROM Pedidos INNER JOIN "Subtotales de pedidos" ON Pedidos.IDPedido = "Subtotales de pedidos".IDPedido
WHERE Pedidos.FechaEnvio IS NOT NULL;


CREATE VIEW ClientesOrdenes AS
SELECT
  O.IDCliente,
  date_trunc('month', O.FechaPedido)::DATE AS MesOrden,
  SUM(OD.Cantidad) AS cantidad
FROM Pedidos AS O
  JOIN "Detalles Pedido" AS OD
    ON OD.IDPedido = O.IDPedido
GROUP BY IDCliente, date_trunc('month', O.FechaPedido)::DATE;

CREATE VIEW ValoresPedido AS
SELECT O.IDPedido, O.IDCliente, O.IDEmpleado, O.EnvioPor, O.FechaPedido, O.FechaRequerida, O.FechaEnvio,
  SUM(OD.Cantidad) AS cantidad,
  CAST(SUM(OD.Cantidad * OD.PrecioUnitario * (1 - OD.Descuento))
       AS decimal(12, 2)) AS val
FROM Pedidos AS O
  JOIN "Detalles Pedido" AS OD
    ON O.IDPedido = OD.IDPedido
GROUP BY O.IDPedido, O.IDCliente, O.IDEmpleado, O.EnvioPor, O.FechaPedido, O.FechaRequerida, O.FechaEnvio;

-- Función para generar números en PostgreSQL
CREATE OR REPLACE FUNCTION GetNums(low BIGINT DEFAULT 1, high BIGINT DEFAULT 100000)
RETURNS TABLE(rn BIGINT, op BIGINT, n BIGINT) AS $$
BEGIN
  RETURN QUERY
  SELECT
    s.num AS rn,
    high + 1 - s.num AS op,
    low - 1 + s.num AS n
  FROM generate_series(1, high - low + 1) AS s(num)
  ORDER BY s.num;
END;
$$ LANGUAGE plpgsql;

-- Crear y popular la tabla de números usando generate_series
CREATE TABLE Nums(n INT NOT NULL, CONSTRAINT PK_Nums PRIMARY KEY(n));

-- Poblar la tabla con números del 1 al 100000
INSERT INTO Nums (n)
SELECT generate_series(1, 100000);